-- ============================================================
-- Migration Metadata Tables: Oracle 11.2 XE -> Oracle 21c
-- 생성일: 2026-04-15
-- 대상: NEXT_MIG_INFO, NEXT_MIG_INFO_DTL, NEXT_MIG_LOG
-- 실행 계정: 해당 스키마 소유자 (scott 또는 동등 권한)
-- ============================================================

-- 기존 테이블 삭제 (FK 역순)
BEGIN EXECUTE IMMEDIATE 'DROP TABLE NEXT_MIG_LOG CASCADE CONSTRAINTS PURGE'; EXCEPTION WHEN OTHERS THEN NULL; END;
/
BEGIN EXECUTE IMMEDIATE 'DROP TABLE NEXT_MIG_INFO_DTL CASCADE CONSTRAINTS PURGE'; EXCEPTION WHEN OTHERS THEN NULL; END;
/
BEGIN EXECUTE IMMEDIATE 'DROP TABLE NEXT_MIG_INFO CASCADE CONSTRAINTS PURGE'; EXCEPTION WHEN OTHERS THEN NULL; END;
/

BEGIN EXECUTE IMMEDIATE 'DROP SEQUENCE MAPPING_RULES_SEQ'; EXCEPTION WHEN OTHERS THEN NULL; END;
/
BEGIN EXECUTE IMMEDIATE 'DROP SEQUENCE MAPPING_RULE_DETAIL_SEQ'; EXCEPTION WHEN OTHERS THEN NULL; END;
/
BEGIN EXECUTE IMMEDIATE 'DROP SEQUENCE MAP_DTL_SEQ'; EXCEPTION WHEN OTHERS THEN NULL; END;
/
BEGIN EXECUTE IMMEDIATE 'DROP SEQUENCE MIGRATION_LOG_SEQ'; EXCEPTION WHEN OTHERS THEN NULL; END;
/

-- ============================================================
-- 1. CREATE TABLES
-- ============================================================

CREATE TABLE NEXT_MIG_INFO (
    MAP_ID           NUMBER            NOT NULL,
    MAP_TYPE         VARCHAR2(20),
    FR_TABLE         VARCHAR2(200),
    TO_TABLE         VARCHAR2(200),
    USE_YN           CHAR(1)           DEFAULT 'Y',
    TARGET_YN        VARCHAR2(100),
    PRIORITY         NUMBER,
    MIG_SQL          CLOB,
    VERIFY_SQL       CLOB,
    STATUS           VARCHAR2(20),
    BATCH_CNT        NUMBER            DEFAULT 0,
    CORRECT_SQL      CLOB,
    USER_EDITED      CHAR(1)           DEFAULT 'N',
    UPD_TS           TIMESTAMP         DEFAULT CURRENT_TIMESTAMP,
    ELAPSED_SECONDS  NUMBER            DEFAULT 0,
    RETRY_COUNT      NUMBER            DEFAULT 0,
    CREATED_AT       TIMESTAMP         DEFAULT CURRENT_TIMESTAMP,
    DDL_SQL          CLOB,
    CONSTRAINT NEXT_MIG_INFO_PK PRIMARY KEY (MAP_ID)
);
/

CREATE TABLE NEXT_MIG_INFO_DTL (
    MAP_DTL  NUMBER         NOT NULL,
    MAP_ID   NUMBER,
    FR_COL   VARCHAR2(200),
    TO_COL   VARCHAR2(200),
    CONSTRAINT NEXT_MIG_INFO_DTL_PK PRIMARY KEY (MAP_DTL),
    CONSTRAINT FK_MAPPING_RULE FOREIGN KEY (MAP_ID)
        REFERENCES NEXT_MIG_INFO(MAP_ID)
);
/

CREATE TABLE NEXT_MIG_LOG (
    LOG_ID       NUMBER            NOT NULL,
    MAP_ID       NUMBER,
    MIG_KIND     VARCHAR2(20),
    LOG_TYPE     VARCHAR2(20),
    LOG_LEVEL    VARCHAR2(20),
    STEP_NAME    VARCHAR2(50),
    STATUS       VARCHAR2(20),
    MESSAGE      VARCHAR2(4000),
    RETRY_COUNT  NUMBER            DEFAULT 0,
    CREATED_AT   TIMESTAMP         DEFAULT CURRENT_TIMESTAMP,
    CONSTRAINT NEXT_MIG_LOG_PK PRIMARY KEY (LOG_ID)
);
/

-- ============================================================
-- 2. INSERT NEXT_MIG_INFO (CLOB 포함, PL/SQL 블록 사용)
-- ============================================================

-- MAP_ID = 1 (TGT_EMP)
DECLARE
    v_mig     CLOB;
    v_verify  CLOB;
    v_correct CLOB;
    v_ddl     CLOB;
BEGIN
    v_mig := 'INSERT INTO TGT_EMP (EMAIL, EMP_ID, NAME, HIRE_DATE, JOB_ID, SALARY)
SELECT EMAIL, EMPLOYEE_ID, FIRST_NAME || '' '' || LAST_NAME, TO_DATE(TO_CHAR(HIRE_DATE, ''YYYY-MM-DD HH24:MI:SS''), ''YYYY-MM-DD HH24:MI:SS''), JOB_ID, SALARY
FROM HR.EMPLOYEES;';
    v_verify := 'SELECT ABS(NVL((SELECT COUNT(*) FROM HR.EMPLOYEES), 0) - NVL((SELECT COUNT(*) FROM TGT_EMP), 0)) +
       ABS(NVL((SELECT COUNT(EMAIL) FROM HR.EMPLOYEES), 0) - NVL((SELECT COUNT(EMAIL) FROM TGT_EMP), 0)) +
       ABS(NVL((SELECT COUNT(EMPLOYEE_ID) FROM HR.EMPLOYEES), 0) - NVL((SELECT COUNT(EMP_ID) FROM TGT_EMP), 0)) +
       ABS(NVL((SELECT COUNT(FIRST_NAME || '' '' || LAST_NAME) FROM HR.EMPLOYEES), 0) - NVL((SELECT COUNT(NAME) FROM TGT_EMP), 0)) +
       ABS(NVL((SELECT COUNT(HIRE_DATE) FROM HR.EMPLOYEES), 0) - NVL((SELECT COUNT(HIRE_DATE) FROM TGT_EMP), 0)) +
       ABS(NVL((SELECT COUNT(JOB_ID) FROM HR.EMPLOYEES), 0) - NVL((SELECT COUNT(JOB_ID) FROM TGT_EMP), 0)) +
       ABS(NVL((SELECT COUNT(SALARY) FROM HR.EMPLOYEES), 0) - NVL((SELECT COUNT(SALARY) FROM TGT_EMP), 0)) AS DIFF
FROM DUAL;';
    v_correct := NULL;
    v_ddl := 'CREATE TABLE TGT_EMP (
    EMAIL      VARCHAR2(255),
    EMP_ID     NUMBER(6),
    NAME       VARCHAR2(255),
    HIRE_DATE  DATE,
    JOB_ID     VARCHAR2(20),
    SALARY     NUMBER(8, 2)
);';
    INSERT INTO NEXT_MIG_INFO (
        MAP_ID, MAP_TYPE, FR_TABLE, TO_TABLE, USE_YN, TARGET_YN, PRIORITY,
        MIG_SQL, VERIFY_SQL, STATUS, BATCH_CNT, CORRECT_SQL, USER_EDITED,
        UPD_TS, ELAPSED_SECONDS, RETRY_COUNT, CREATED_AT, DDL_SQL
    ) VALUES (
        1, 'SIMPLE', 'HR.EMPLOYEES', 'TGT_EMP',
        'N', 'Y', 1,
        v_mig, v_verify,
        'PASS', 16, v_correct, 'N',
        TO_TIMESTAMP('2026-04-15 10:00:47.508000', 'YYYY-MM-DD HH24:MI:SS.FF6'), 4, 1,
        TO_TIMESTAMP('2026-04-14 10:41:47.183000', 'YYYY-MM-DD HH24:MI:SS.FF6'), v_ddl
    );
END;
/

-- MAP_ID = 3 (TGT_EMP_JOB)
DECLARE
    v_mig     CLOB;
    v_verify  CLOB;
    v_correct CLOB;
    v_ddl     CLOB;
BEGIN
    v_mig := 'INSERT INTO TGT_EMP_JOB (EMP_ID, EMP_NAME, SALARY, JOB_TITLE)
SELECT
    E.EMPLOYEE_ID,
    E.FIRST_NAME || '' '' || E.LAST_NAME,
    E.SALARY,
    J.JOB_TITLE
FROM
    HR.EMPLOYEES E JOIN HR.JOBS J ON E.JOB_ID = J.JOB_ID;';
    v_verify := 'SELECT SUM(ABS(src.cnt - tgt.cnt)) AS DIFF FROM (
    SELECT COUNT(*) AS cnt FROM HR.EMPLOYEES E JOIN HR.JOBS J ON E.JOB_ID = J.JOB_ID
) src, (
    SELECT COUNT(*) AS cnt FROM TGT_EMP_JOB
) tgt
UNION ALL
SELECT SUM(ABS(src.cnt - tgt.cnt)) FROM (
    SELECT COUNT(E.EMPLOYEE_ID) AS cnt FROM HR.EMPLOYEES E JOIN HR.JOBS J ON E.JOB_ID = J.JOB_ID
) src, (
    SELECT COUNT(EMP_ID) AS cnt FROM TGT_EMP_JOB
) tgt
UNION ALL
SELECT SUM(ABS(src.cnt - tgt.cnt)) FROM (
    SELECT COUNT(E.FIRST_NAME || '' '' || E.LAST_NAME) AS cnt FROM HR.EMPLOYEES E JOIN HR.JOBS J ON E.JOB_ID = J.JOB_ID
) src, (
    SELECT COUNT(EMP_NAME) AS cnt FROM TGT_EMP_JOB
) tgt
UNION ALL
SELECT SUM(ABS(src.cnt - tgt.cnt)) FROM (
    SELECT COUNT(E.SALARY) AS cnt FROM HR.EMPLOYEES E JOIN HR.JOBS J ON E.JOB_ID = J.JOB_ID
) src, (
    SELECT COUNT(SALARY) AS cnt FROM TGT_EMP_JOB
) tgt
UNION ALL
SELECT SUM(ABS(src.cnt - tgt.cnt)) FROM (
    SELECT COUNT(J.JOB_TITLE) AS cnt FROM HR.EMPLOYEES E JOIN HR.JOBS J ON E.JOB_ID = J.JOB_ID
) src, (
    SELECT COUNT(JOB_TITLE) AS cnt FROM TGT_EMP_JOB
) tgt;';
    v_correct := NULL;
    v_ddl := 'CREATE TABLE TGT_EMP_JOB (
    EMP_ID    NUMBER PRIMARY KEY,
    EMP_NAME  VARCHAR2(100),
    SALARY    NUMBER(8, 2),
    JOB_TITLE VARCHAR2(100)
);';
    INSERT INTO NEXT_MIG_INFO (
        MAP_ID, MAP_TYPE, FR_TABLE, TO_TABLE, USE_YN, TARGET_YN, PRIORITY,
        MIG_SQL, VERIFY_SQL, STATUS, BATCH_CNT, CORRECT_SQL, USER_EDITED,
        UPD_TS, ELAPSED_SECONDS, RETRY_COUNT, CREATED_AT, DDL_SQL
    ) VALUES (
        3, 'COMPLEX', 'HR.EMPLOYEES E JOIN HR.JOBS J ON E.JOB_ID = J.JOB_ID', 'TGT_EMP_JOB',
        'N', 'Y', 3,
        v_mig, v_verify,
        'PASS', 9, v_correct, 'N',
        TO_TIMESTAMP('2026-04-15 10:00:52.744000', 'YYYY-MM-DD HH24:MI:SS.FF6'), 4, 1,
        TO_TIMESTAMP('2026-04-14 10:41:47.194000', 'YYYY-MM-DD HH24:MI:SS.FF6'), v_ddl
    );
END;
/

-- MAP_ID = 101 (HR_EMP_DEPT_JOB_SNAP)
DECLARE
    v_mig     CLOB;
    v_verify  CLOB;
    v_correct CLOB;
    v_ddl     CLOB;
BEGIN
    v_mig := 'INSERT INTO HR_EMP_DEPT_JOB_SNAP (MANAGER_EXISTS_YN, SALARY_BAND, JOB_RANGE_STATUS, DEPT_EMP_COUNT, JOB_SALARY_RANK, DEPT_SALARY_RANK, DEPARTMENT_NAME, DEPT_MANAGER_ID, COMMISSION_PCT, DEPARTMENT_ID, EMAIL, EMPLOYEE_ID, FIRST_NAME, HIRE_DATE, JOB_ID, LAST_NAME, MANAGER_ID, PHONE_NUMBER, CURRENT_SALARY, JOB_TITLE) SELECT CASE WHEN e.MANAGER_ID IS NULL THEN ''NO_MANAGER'' ELSE ''HAS_MANAGER'' END AS MANAGER_EXISTS_YN, CASE WHEN e.SALARY >= 20000 THEN ''EXEC'' WHEN e.SALARY >= 12000 THEN ''HIGH'' WHEN e.SALARY >= 7000 THEN ''MID'' ELSE ''LOW'' END AS SALARY_BAND, CASE WHEN j.MAX_SALARY IS NULL THEN ''NO_JOB_RANGE'' WHEN e.SALARY > j.MAX_SALARY THEN ''ABOVE_JOB_MAX'' WHEN e.SALARY < j.MIN_SALARY THEN ''BELOW_JOB_MIN'' ELSE ''IN_JOB_RANGE'' END AS JOB_RANGE_STATUS, COUNT(*) OVER (PARTITION BY e.DEPARTMENT_ID) AS DEPT_EMP_COUNT, DENSE_RANK() OVER (PARTITION BY e.JOB_ID ORDER BY e.SALARY DESC) AS JOB_SALARY_RANK, ROW_NUMBER() OVER (PARTITION BY e.DEPARTMENT_ID ORDER BY e.SALARY DESC, e.EMPLOYEE_ID) AS DEPT_SALARY_RANK, d.DEPARTMENT_NAME, d.MANAGER_ID AS DEPT_MANAGER_ID, e.COMMISSION_PCT, e.DEPARTMENT_ID, e.EMAIL, e.EMPLOYEE_ID, e.FIRST_NAME, e.HIRE_DATE, e.JOB_ID, e.LAST_NAME, e.MANAGER_ID, e.PHONE_NUMBER, e.SALARY AS CURRENT_SALARY, j.JOB_TITLE FROM HR.EMPLOYEES e LEFT JOIN HR.DEPARTMENTS d ON d.DEPARTMENT_ID = e.DEPARTMENT_ID LEFT JOIN HR.JOBS j ON j.JOB_ID = e.JOB_ID';
    v_verify := 'SELECT SUM(CASE WHEN src.MANAGER_EXISTS_YN <> tgt.MANAGER_EXISTS_YN OR src.SALARY_BAND <> tgt.SALARY_BAND OR src.JOB_RANGE_STATUS <> tgt.JOB_RANGE_STATUS OR src.DEPT_EMP_COUNT <> tgt.DEPT_EMP_COUNT OR src.JOB_SALARY_RANK <> tgt.JOB_SALARY_RANK OR src.DEPT_SALARY_RANK <> tgt.DEPT_SALARY_RANK OR src.DEPARTMENT_NAME <> tgt.DEPARTMENT_NAME OR src.DEPT_MANAGER_ID <> tgt.DEPT_MANAGER_ID OR src.COMMISSION_PCT <> tgt.COMMISSION_PCT OR src.DEPARTMENT_ID <> tgt.DEPARTMENT_ID OR src.EMAIL <> tgt.EMAIL OR src.EMPLOYEE_ID <> tgt.EMPLOYEE_ID OR src.FIRST_NAME <> tgt.FIRST_NAME OR src.HIRE_DATE <> tgt.HIRE_DATE OR src.JOB_ID <> tgt.JOB_ID OR src.LAST_NAME <> tgt.LAST_NAME OR src.MANAGER_ID <> tgt.MANAGER_ID OR src.PHONE_NUMBER <> tgt.PHONE_NUMBER OR src.CURRENT_SALARY <> tgt.CURRENT_SALARY OR src.JOB_TITLE <> tgt.JOB_TITLE THEN 1 ELSE 0 END) AS DIFF FROM (SELECT CASE WHEN e.MANAGER_ID IS NULL THEN ''NO_MANAGER'' ELSE ''HAS_MANAGER'' END AS MANAGER_EXISTS_YN, CASE WHEN e.SALARY >= 20000 THEN ''EXEC'' WHEN e.SALARY >= 12000 THEN ''HIGH'' WHEN e.SALARY >= 7000 THEN ''MID'' ELSE ''LOW'' END AS SALARY_BAND, CASE WHEN j.MAX_SALARY IS NULL THEN ''NO_JOB_RANGE'' WHEN e.SALARY > j.MAX_SALARY THEN ''ABOVE_JOB_MAX'' WHEN e.SALARY < j.MIN_SALARY THEN ''BELOW_JOB_MIN'' ELSE ''IN_JOB_RANGE'' END AS JOB_RANGE_STATUS, COUNT(*) OVER (PARTITION BY e.DEPARTMENT_ID) AS DEPT_EMP_COUNT, DENSE_RANK() OVER (PARTITION BY e.JOB_ID ORDER BY e.SALARY DESC) AS JOB_SALARY_RANK, ROW_NUMBER() OVER (PARTITION BY e.DEPARTMENT_ID ORDER BY e.SALARY DESC, e.EMPLOYEE_ID) AS DEPT_SALARY_RANK, d.DEPARTMENT_NAME, d.MANAGER_ID AS DEPT_MANAGER_ID, e.COMMISSION_PCT, e.DEPARTMENT_ID, e.EMAIL, e.EMPLOYEE_ID, e.FIRST_NAME, e.HIRE_DATE, e.JOB_ID, e.LAST_NAME, e.MANAGER_ID, e.PHONE_NUMBER, e.SALARY AS CURRENT_SALARY, j.JOB_TITLE FROM HR.EMPLOYEES e LEFT JOIN HR.DEPARTMENTS d ON d.DEPARTMENT_ID = e.DEPARTMENT_ID LEFT JOIN HR.JOBS j ON j.JOB_ID = e.JOB_ID) src FULL OUTER JOIN HR_EMP_DEPT_JOB_SNAP tgt ON src.EMPLOYEE_ID = tgt.EMPLOYEE_ID AND src.DEPARTMENT_ID = tgt.DEPARTMENT_ID AND src.JOB_ID = tgt.JOB_ID';
    v_correct := NULL;
    v_ddl := '
CREATE TABLE HR_EMP_DEPT_JOB_SNAP (
    EMPLOYEE_ID       NUMBER(6),
    FIRST_NAME        VARCHAR2(50),
    LAST_NAME         VARCHAR2(50),
    EMAIL             VARCHAR2(100),
    PHONE_NUMBER      VARCHAR2(50),
    HIRE_DATE         DATE,
    DEPARTMENT_ID     NUMBER(6),
    DEPARTMENT_NAME   VARCHAR2(100),
    JOB_ID            VARCHAR2(20),
    JOB_TITLE         VARCHAR2(100),
    CURRENT_SALARY    NUMBER(8,2),
    COMMISSION_PCT    NUMBER(5,2),
    MANAGER_ID        NUMBER(6),
    DEPT_MANAGER_ID   NUMBER(6),
    SALARY_BAND       VARCHAR2(20),
    JOB_RANGE_STATUS  VARCHAR2(30),
    MANAGER_EXISTS_YN VARCHAR2(20),
    DEPT_SALARY_RANK  NUMBER,
    JOB_SALARY_RANK   NUMBER,
    DEPT_EMP_COUNT    NUMBER
)
';
    INSERT INTO NEXT_MIG_INFO (
        MAP_ID, MAP_TYPE, FR_TABLE, TO_TABLE, USE_YN, TARGET_YN, PRIORITY,
        MIG_SQL, VERIFY_SQL, STATUS, BATCH_CNT, CORRECT_SQL, USER_EDITED,
        UPD_TS, ELAPSED_SECONDS, RETRY_COUNT, CREATED_AT, DDL_SQL
    ) VALUES (
        101, 'COMPLEX', 'HR.EMPLOYEES e LEFT JOIN HR.DEPARTMENTS d ON d.DEPARTMENT_ID=e.DEPARTMENT_ID LEFT JOIN HR.JOBS j ON j.JOB_ID=e.JOB_ID', 'HR_EMP_DEPT_JOB_SNAP',
        'N', 'Y', 101,
        v_mig, v_verify,
        'PASS', 5, v_correct, 'N',
        TO_TIMESTAMP('2026-04-15 13:22:59.229000', 'YYYY-MM-DD HH24:MI:SS.FF6'), 15, 2,
        TO_TIMESTAMP('2026-04-15 10:18:13.805000', 'YYYY-MM-DD HH24:MI:SS.FF6'), v_ddl
    );
END;
/

-- MAP_ID = 102 (HR_DEPT_PAYROLL_ROLLUP_F)
DECLARE
    v_mig     CLOB;
    v_verify  CLOB;
    v_correct CLOB;
    v_ddl     CLOB;
BEGIN
    v_mig := 'INSERT INTO HR_DEPT_PAYROLL_ROLLUP_F (
    DEPARTMENT_ID,
    DEPARTMENT_NAME,
    DEPT_MANAGER_ID,
    DEPT_PAY_BAND,
    JOB_DIVERSITY_BAND,
    DEPT_SIZE_BAND,
    DISTINCT_JOB_COUNT,
    EMP_COUNT,
    LAST_HIRE_DATE,
    MAX_SALARY,
    MEDIAN_SALARY,
    FIRST_HIRE_DATE,
    MIN_SALARY,
    AVG_SALARY,
    SALARY_STDDEV,
    LOW_SALARY_COUNT,
    HIGH_SALARY_COUNT,
    TOTAL_SALARY
)
SELECT 
    d.DEPARTMENT_ID,
    d.DEPARTMENT_NAME,
    d.MANAGER_ID,
    CASE 
        WHEN AVG(e.SALARY) IS NULL THEN ''N/A''
        WHEN AVG(e.SALARY) >= 12000 THEN ''HIGH_PAY''
        WHEN AVG(e.SALARY) >= 7000 THEN ''MID_PAY''
        ELSE ''LOW_PAY''
    END AS DEPT_PAY_BAND,
    CASE 
        WHEN COUNT(DISTINCT e.JOB_ID) >= 4 THEN ''DIVERSE''
        WHEN COUNT(DISTINCT e.JOB_ID) >= 2 THEN ''BALANCED''
        ELSE ''NARROW''
    END AS JOB_DIVERSITY_BAND,
    CASE 
        WHEN COUNT(e.EMPLOYEE_ID) = 0 THEN ''EMPTY''
        WHEN COUNT(e.EMPLOYEE_ID) >= 10 THEN ''LARGE''
        WHEN COUNT(e.EMPLOYEE_ID) >= 5 THEN ''MEDIUM''
        ELSE ''SMALL''
    END AS DEPT_SIZE_BAND,
    COUNT(DISTINCT e.JOB_ID) AS DISTINCT_JOB_COUNT,
    COUNT(e.EMPLOYEE_ID) AS EMP_COUNT,
    MAX(e.HIRE_DATE) AS LAST_HIRE_DATE,
    MAX(e.SALARY) AS MAX_SALARY,
    ROUND(MEDIAN(e.SALARY), 2) AS MEDIAN_SALARY,
    MIN(e.HIRE_DATE) AS FIRST_HIRE_DATE,
    MIN(e.SALARY) AS MIN_SALARY,
    ROUND(AVG(e.SALARY), 2) AS AVG_SALARY,
    ROUND(STDDEV(e.SALARY), 2) AS SALARY_STDDEV,
    SUM(CASE WHEN e.SALARY < 7000 THEN 1 ELSE 0 END) AS LOW_SALARY_COUNT,
    SUM(CASE WHEN e.SALARY >= 12000 THEN 1 ELSE 0 END) AS HIGH_SALARY_COUNT,
    SUM(e.SALARY) AS TOTAL_SALARY
FROM HR.DEPARTMENTS d
LEFT JOIN HR.EMPLOYEES e ON e.DEPARTMENT_ID = d.DEPARTMENT_ID
GROUP BY d.DEPARTMENT_ID, d.DEPARTMENT_NAME, d.MANAGER_ID;
';
    v_verify := 'SELECT SUM(CASE WHEN src.DEPT_PAY_BAND <> tgt.DEPT_PAY_BAND OR 
                 src.JOB_DIVERSITY_BAND <> tgt.JOB_DIVERSITY_BAND OR 
                 src.DEPT_SIZE_BAND <> tgt.DEPT_SIZE_BAND OR 
                 src.DISTINCT_JOB_COUNT <> tgt.DISTINCT_JOB_COUNT OR 
                 src.EMP_COUNT <> tgt.EMP_COUNT OR 
                 NVL(TO_CHAR(src.LAST_HIRE_DATE, ''YYYY-MM-DD HH24:MI:SS''), ''NULL'') <> NVL(TO_CHAR(tgt.LAST_HIRE_DATE, ''YYYY-MM-DD HH24:MI:SS''), ''NULL'') OR 
                 src.MAX_SALARY <> tgt.MAX_SALARY OR 
                 src.MEDIAN_SALARY <> tgt.MEDIAN_SALARY OR 
                 NVL(TO_CHAR(src.FIRST_HIRE_DATE, ''YYYY-MM-DD HH24:MI:SS''), ''NULL'') <> NVL(TO_CHAR(tgt.FIRST_HIRE_DATE, ''YYYY-MM-DD HH24:MI:SS''), ''NULL'') OR 
                 src.MIN_SALARY <> tgt.MIN_SALARY OR 
                 src.AVG_SALARY <> tgt.AVG_SALARY OR 
                 src.SALARY_STDDEV <> tgt.SALARY_STDDEV OR 
                 src.LOW_SALARY_COUNT <> tgt.LOW_SALARY_COUNT OR 
                 src.HIGH_SALARY_COUNT <> tgt.HIGH_SALARY_COUNT OR 
                 src.TOTAL_SALARY <> tgt.TOTAL_SALARY THEN 1 ELSE 0 END) AS DIFF
FROM (
    SELECT 
        d.DEPARTMENT_ID,
        d.DEPARTMENT_NAME,
        d.MANAGER_ID AS DEPT_MANAGER_ID,
        CASE 
            WHEN AVG(e.SALARY) IS NULL THEN ''N/A''
            WHEN AVG(e.SALARY) >= 12000 THEN ''HIGH_PAY''
            WHEN AVG(e.SALARY) >= 7000 THEN ''MID_PAY''
            ELSE ''LOW_PAY''
        END AS DEPT_PAY_BAND,
        CASE 
            WHEN COUNT(DISTINCT e.JOB_ID) >= 4 THEN ''DIVERSE''
            WHEN COUNT(DISTINCT e.JOB_ID) >= 2 THEN ''BALANCED''
            ELSE ''NARROW''
        END AS JOB_DIVERSITY_BAND,
        CASE 
            WHEN COUNT(e.EMPLOYEE_ID) = 0 THEN ''EMPTY''
            WHEN COUNT(e.EMPLOYEE_ID) >= 10 THEN ''LARGE''
            WHEN COUNT(e.EMPLOYEE_ID) >= 5 THEN ''MEDIUM''
            ELSE ''SMALL''
        END AS DEPT_SIZE_BAND,
        COUNT(DISTINCT e.JOB_ID) AS DISTINCT_JOB_COUNT,
        COUNT(e.EMPLOYEE_ID) AS EMP_COUNT,
        MAX(e.HIRE_DATE) AS LAST_HIRE_DATE,
        MAX(e.SALARY) AS MAX_SALARY,
        ROUND(MEDIAN(e.SALARY), 2) AS MEDIAN_SALARY,
        MIN(e.HIRE_DATE) AS FIRST_HIRE_DATE,
        MIN(e.SALARY) AS MIN_SALARY,
        ROUND(AVG(e.SALARY), 2) AS AVG_SALARY,
        ROUND(STDDEV(e.SALARY), 2) AS SALARY_STDDEV,
        SUM(CASE WHEN e.SALARY < 7000 THEN 1 ELSE 0 END) AS LOW_SALARY_COUNT,
        SUM(CASE WHEN e.SALARY >= 12000 THEN 1 ELSE 0 END) AS HIGH_SALARY_COUNT,
        SUM(e.SALARY) AS TOTAL_SALARY
    FROM HR.DEPARTMENTS d
    LEFT JOIN HR.EMPLOYEES e ON e.DEPARTMENT_ID = d.DEPARTMENT_ID
    GROUP BY d.DEPARTMENT_ID, d.DEPARTMENT_NAME, d.MANAGER_ID
) src
LEFT JOIN HR_DEPT_PAYROLL_ROLLUP_F tgt ON src.DEPARTMENT_ID = tgt.DEPARTMENT_ID;';
    v_correct := '-- [정답 패턴 힌트] NUMBER(12,2) 타입 컬럼에 저장되는 부동소수점 집계는 반드시 ROUND 처리
-- MIG_SQL 핵심 패턴:
--   ROUND(STDDEV(e.SALARY), 2) AS SALARY_STDDEV   -- ROUND 필수
--   ROUND(MEDIAN(e.SALARY), 2) AS MEDIAN_SALARY   -- ROUND 필수
--   ROUND(AVG(e.SALARY), 2)    AS AVG_SALARY       -- 이미 적용됨
-- VERIFY_SQL src_base에서도 동일하게 ROUND 적용하여 타겟과 정밀도를 맞춤
SELECT d.DEPARTMENT_ID, d.DEPARTMENT_NAME, d.MANAGER_ID,
    COUNT(e.EMPLOYEE_ID) AS EMP_COUNT,
    ROUND(AVG(e.SALARY), 2) AS AVG_SALARY,
    ROUND(STDDEV(e.SALARY), 2) AS SALARY_STDDEV,
    ROUND(MEDIAN(e.SALARY), 2) AS MEDIAN_SALARY
FROM HR.DEPARTMENTS d
LEFT JOIN HR.EMPLOYEES e ON e.DEPARTMENT_ID = d.DEPARTMENT_ID
GROUP BY d.DEPARTMENT_ID, d.DEPARTMENT_NAME, d.MANAGER_ID';
    v_ddl := NULL;
    INSERT INTO NEXT_MIG_INFO (
        MAP_ID, MAP_TYPE, FR_TABLE, TO_TABLE, USE_YN, TARGET_YN, PRIORITY,
        MIG_SQL, VERIFY_SQL, STATUS, BATCH_CNT, CORRECT_SQL, USER_EDITED,
        UPD_TS, ELAPSED_SECONDS, RETRY_COUNT, CREATED_AT, DDL_SQL
    ) VALUES (
        102, 'COMPLEX', 'HR.DEPARTMENTS d LEFT JOIN HR.EMPLOYEES e ON e.DEPARTMENT_ID=d.DEPARTMENT_ID', 'HR_DEPT_PAYROLL_ROLLUP_F',
        'N', 'Y', 102,
        v_mig, v_verify,
        'PASS', 1, v_correct, 'Y',
        TO_TIMESTAMP('2026-04-15 13:43:20.852000', 'YYYY-MM-DD HH24:MI:SS.FF6'), 14, 2,
        TO_TIMESTAMP('2026-04-15 10:18:13.821000', 'YYYY-MM-DD HH24:MI:SS.FF6'), v_ddl
    );
END;
/

-- MAP_ID = 103 (HR_EMP_CAREER_EVENT_F)
DECLARE
    v_mig     CLOB;
    v_verify  CLOB;
    v_correct CLOB;
    v_ddl     CLOB;
BEGIN
    v_mig := 'INSERT INTO HR_EMP_CAREER_EVENT_F (EVENT_SOURCE, EVENT_TYPE, EVENT_STATUS, EVENT_END_DATE, HISTORY_GAP_DAYS, PREV_DEPARTMENT_ID, PREV_JOB_ID, EMP_EVENT_SEQ, DEPARTMENT_ID, EMPLOYEE_ID, EVENT_DATE, JOB_ID, CURRENT_SALARY)
SELECT ''CURRENT'', ''CURRENT_SNAPSHOT'', CASE WHEN e.DEPARTMENT_ID IS NOT NULL THEN ''OPEN'' ELSE ''CLOSED'' END, CAST(NULL AS DATE), CAST(NULL AS NUMBER), LAG(e.DEPARTMENT_ID) OVER (PARTITION BY e.EMPLOYEE_ID ORDER BY e.HIRE_DATE, ''CURRENT''), LAG(e.JOB_ID) OVER (PARTITION BY e.EMPLOYEE_ID ORDER BY e.HIRE_DATE, ''CURRENT''), ROW_NUMBER() OVER (PARTITION BY e.EMPLOYEE_ID ORDER BY e.HIRE_DATE, ''CURRENT''), e.DEPARTMENT_ID, e.EMPLOYEE_ID, e.HIRE_DATE, e.JOB_ID, e.SALARY
FROM HR.EMPLOYEES e
UNION ALL
SELECT ''HISTORY'', ''JOB_HISTORY'', CASE WHEN jh.END_DATE IS NULL THEN ''OPEN'' ELSE ''CLOSED'' END, jh.END_DATE, TRUNC(NVL(jh.END_DATE, SYSDATE) - jh.START_DATE), LAG(s.DEPARTMENT_ID) OVER (PARTITION BY jh.EMPLOYEE_ID ORDER BY jh.START_DATE, s.EVENT_SOURCE), LAG(s.JOB_ID) OVER (PARTITION BY jh.EMPLOYEE_ID ORDER BY jh.START_DATE, s.EVENT_SOURCE), ROW_NUMBER() OVER (PARTITION BY jh.EMPLOYEE_ID ORDER BY jh.START_DATE, s.EVENT_SOURCE), jh.DEPARTMENT_ID, jh.EMPLOYEE_ID, jh.START_DATE, jh.JOB_ID, CAST(NULL AS NUMBER)
FROM HR.JOB_HISTORY jh
LEFT JOIN (
  SELECT 
    e.DEPARTMENT_ID, 
    e.EMPLOYEE_ID, 
    e.HIRE_DATE AS EVENT_DATE, 
    e.JOB_ID, 
    ''CURRENT'' AS EVENT_SOURCE
  FROM HR.EMPLOYEES e
) s ON jh.EMPLOYEE_ID = s.EMPLOYEE_ID AND jh.START_DATE = s.EVENT_DATE';
    v_verify := 'SELECT SUM(CASE WHEN src.EMPLOYEE_ID IS NULL OR src.ROW_NUM <> tgt.ROW_NUM THEN 1 ELSE 0 END) AS DIFF
FROM (
  SELECT 
    COUNT(evt.EVENT_SOURCE) OVER (PARTITION BY evt.EMPLOYEE_ID) as SRC_EVENT_SOURCE_CNT,
    COUNT(evt.EVENT_TYPE) OVER (PARTITION BY evt.EMPLOYEE_ID) as SRC_EVENT_TYPE_CNT,
    COUNT(evt.EVENT_STATUS) OVER (PARTITION BY evt.EMPLOYEE_ID) as SRC_EVENT_STATUS_CNT,
    COUNT(evt.EVENT_END_DATE) OVER (PARTITION BY evt.EMPLOYEE_ID) as SRC_EVENT_END_DATE_CNT,
    COUNT(evt.HISTORY_GAP_DAYS) OVER (PARTITION BY evt.EMPLOYEE_ID) as SRC_HISTORY_GAP_DAYS_CNT,
    COUNT(evt.PREV_DEPARTMENT_ID) OVER (PARTITION BY evt.EMPLOYEE_ID) as SRC_PREV_DEPARTMENT_ID_CNT,
    COUNT(evt.PREV_JOB_ID) OVER (PARTITION BY evt.EMPLOYEE_ID) as SRC_PREV_JOB_ID_CNT,
    COUNT(evt.EMP_EVENT_SEQ) OVER (PARTITION BY evt.EMPLOYEE_ID) as SRC_EMP_EVENT_SEQ_CNT,
    COUNT(evt.DEPARTMENT_ID) OVER (PARTITION BY evt.EMPLOYEE_ID) as SRC_DEPARTMENT_ID_CNT,
    COUNT(evt.EMPLOYEE_ID) OVER (PARTITION BY evt.EMPLOYEE_ID) as SRC_EMPLOYEE_ID_CNT,
    COUNT(evt.EVENT_DATE) OVER (PARTITION BY evt.EMPLOYEE_ID) as SRC_EVENT_DATE_CNT,
    COUNT(evt.JOB_ID) OVER (PARTITION BY evt.EMPLOYEE_ID) as SRC_JOB_ID_CNT,
    COUNT(evt.CURRENT_SALARY) OVER (PARTITION BY evt.EMPLOYEE_ID) as SRC_CURRENT_SALARY_CNT,
    ROW_NUMBER() OVER (PARTITION BY evt.EMPLOYEE_ID ORDER BY evt.EVENT_DATE, evt.EVENT_SOURCE) as ROW_NUM,
    evt.EVENT_SOURCE,
    evt.EVENT_TYPE,
    evt.EVENT_STATUS,
    TO_CHAR(evt.EVENT_END_DATE, ''YYYY-MM-DD HH24:MI:SS'') as EVENT_END_DATE,
    evt.HISTORY_GAP_DAYS,
    evt.PREV_DEPARTMENT_ID,
    evt.PREV_JOB_ID,
    evt.EMP_EVENT_SEQ,
    evt.DEPARTMENT_ID,
    evt.EMPLOYEE_ID,
    TO_CHAR(evt.EVENT_DATE, ''YYYY-MM-DD HH24:MI:SS'') as EVENT_DATE,
    evt.JOB_ID,
    evt.CURRENT_SALARY
  FROM (
    SELECT ''CURRENT'' AS EVENT_SOURCE, ''CURRENT_SNAPSHOT'' AS EVENT_TYPE, CASE WHEN e.DEPARTMENT_ID IS NOT NULL THEN ''OPEN'' ELSE ''CLOSED'' END AS EVENT_STATUS, CAST(NULL AS DATE) AS EVENT_END_DATE, CAST(NULL AS NUMBER) AS HISTORY_GAP_DAYS, LAG(e.DEPARTMENT_ID) OVER (PARTITION BY e.EMPLOYEE_ID ORDER BY e.HIRE_DATE, ''CURRENT'') AS PREV_DEPARTMENT_ID, LAG(e.JOB_ID) OVER (PARTITION BY e.EMPLOYEE_ID ORDER BY e.HIRE_DATE, ''CURRENT'') AS PREV_JOB_ID, ROW_NUMBER() OVER (PARTITION BY e.EMPLOYEE_ID ORDER BY e.HIRE_DATE, ''CURRENT'') AS EMP_EVENT_SEQ, e.DEPARTMENT_ID, e.EMPLOYEE_ID, e.HIRE_DATE AS EVENT_DATE, e.JOB_ID, e.SALARY AS CURRENT_SALARY
    FROM HR.EMPLOYEES e
    UNION ALL
    SELECT ''HISTORY'' AS EVENT_SOURCE, ''JOB_HISTORY'' AS EVENT_TYPE, CASE WHEN jh.END_DATE IS NULL THEN ''OPEN'' ELSE ''CLOSED'' END AS EVENT_STATUS, jh.END_DATE AS EVENT_END_DATE, TRUNC(NVL(jh.END_DATE, SYSDATE) - jh.START_DATE) AS HISTORY_GAP_DAYS, LAG(s.DEPARTMENT_ID) OVER (PARTITION BY jh.EMPLOYEE_ID ORDER BY jh.START_DATE, s.EVENT_SOURCE) AS PREV_DEPARTMENT_ID, LAG(s.JOB_ID) OVER (PARTITION BY jh.EMPLOYEE_ID ORDER BY jh.START_DATE, s.EVENT_SOURCE) AS PREV_JOB_ID, ROW_NUMBER() OVER (PARTITION BY jh.EMPLOYEE_ID ORDER BY jh.START_DATE, s.EVENT_SOURCE) AS EMP_EVENT_SEQ, jh.DEPARTMENT_ID, jh.EMPLOYEE_ID, jh.START_DATE AS EVENT_DATE, jh.JOB_ID, CAST(NULL AS NUMBER) AS CURRENT_SALARY
    FROM HR.JOB_HISTORY jh
    LEFT JOIN (
      SELECT 
        e.DEPARTMENT_ID, 
        e.EMPLOYEE_ID, 
        e.HIRE_DATE AS EVENT_DATE, 
        e.JOB_ID, 
        ''CURRENT'' AS EVENT_SOURCE
      FROM HR.EMPLOYEES e
    ) s ON jh.EMPLOYEE_ID = s.EMPLOYEE_ID AND jh.START_DATE = s.EVENT_DATE
  ) evt
) src
FULL OUTER JOIN (
  SELECT 
    COUNT(hef.EVENT_SOURCE) OVER (PARTITION BY hef.EMPLOYEE_ID) as TGT_EVENT_SOURCE_CNT,
    COUNT(hef.EVENT_TYPE) OVER (PARTITION BY hef.EMPLOYEE_ID) as TGT_EVENT_TYPE_CNT,
    COUNT(hef.EVENT_STATUS) OVER (PARTITION BY hef.EMPLOYEE_ID) as TGT_EVENT_STATUS_CNT,
    COUNT(hef.EVENT_END_DATE) OVER (PARTITION BY hef.EMPLOYEE_ID) as TGT_EVENT_END_DATE_CNT,
    COUNT(hef.HISTORY_GAP_DAYS) OVER (PARTITION BY hef.EMPLOYEE_ID) as TGT_HISTORY_GAP_DAYS_CNT,
    COUNT(hef.PREV_DEPARTMENT_ID) OVER (PARTITION BY hef.EMPLOYEE_ID) as TGT_PREV_DEPARTMENT_ID_CNT,
    COUNT(hef.PREV_JOB_ID) OVER (PARTITION BY hef.EMPLOYEE_ID) as TGT_PREV_JOB_ID_CNT,
    COUNT(hef.EMP_EVENT_SEQ) OVER (PARTITION BY hef.EMPLOYEE_ID) as TGT_EMP_EVENT_SEQ_CNT,
    COUNT(hef.DEPARTMENT_ID) OVER (PARTITION BY hef.EMPLOYEE_ID) as TGT_DEPARTMENT_ID_CNT,
    COUNT(hef.EMPLOYEE_ID) OVER (PARTITION BY hef.EMPLOYEE_ID) as TGT_EMPLOYEE_ID_CNT,
    COUNT(hef.EVENT_DATE) OVER (PARTITION BY hef.EMPLOYEE_ID) as TGT_EVENT_DATE_CNT,
    COUNT(hef.JOB_ID) OVER (PARTITION BY hef.EMPLOYEE_ID) as TGT_JOB_ID_CNT,
    COUNT(hef.CURRENT_SALARY) OVER (PARTITION BY hef.EMPLOYEE_ID) as TGT_CURRENT_SALARY_CNT,
    ROW_NUMBER() OVER (PARTITION BY hef.EMPLOYEE_ID ORDER BY hef.EVENT_DATE, hef.EVENT_SOURCE) as ROW_NUM,
    hef.EVENT_SOURCE,
    hef.EVENT_TYPE,
    hef.EVENT_STATUS,
    TO_CHAR(hef.EVENT_END_DATE, ''YYYY-MM-DD HH24:MI:SS'') as EVENT_END_DATE,
    hef.HISTORY_GAP_DAYS,
    hef.PREV_DEPARTMENT_ID,
    hef.PREV_JOB_ID,
    hef.EMP_EVENT_SEQ,
    hef.DEPARTMENT_ID,
    hef.EMPLOYEE_ID,
    TO_CHAR(hef.EVENT_DATE, ''YYYY-MM-DD HH24:MI:SS'') as EVENT_DATE,
    hef.JOB_ID,
    hef.CURRENT_SALARY
  FROM HR_EMP_CAREER_EVENT_F hef
) tgt ON src.EMPLOYEE_ID = tgt.EMPLOYEE_ID AND src.ROW_NUM = tgt.ROW_NUM
WHERE 
  NVL(src.EVENT_SOURCE, ''X'') <> NVL(tgt.EVENT_SOURCE, ''X'') OR
  NVL(src.EVENT_TYPE, ''X'') <> NVL(tgt.EVENT_TYPE, ''X'') OR
  NVL(src.EVENT_STATUS, ''X'') <> NVL(tgt.EVENT_STATUS, ''X'') OR
  NVL(src.EVENT_END_DATE, ''X'') <> NVL(tgt.EVENT_END_DATE, ''X'') OR
  NVL(src.HISTORY_GAP_DAYS, -1) <> NVL(tgt.HISTORY_GAP_DAYS, -1) OR
  NVL(src.PREV_DEPARTMENT_ID, -1) <> NVL(tgt.PREV_DEPARTMENT_ID, -1) OR
  NVL(src.PREV_JOB_ID, ''X'') <> NVL(tgt.PREV_JOB_ID, ''X'') OR
  NVL(src.EMP_EVENT_SEQ, -1) <> NVL(tgt.EMP_EVENT_SEQ, -1) OR
  NVL(src.DEPARTMENT_ID, -1) <> NVL(tgt.DEPARTMENT_ID, -1) OR
  NVL(src.EMPLOYEE_ID, -1) <> NVL(tgt.EMPLOYEE_ID, -1) OR
  NVL(src.EVENT_DATE, ''X'') <> NVL(tgt.EVENT_DATE, ''X'') OR
  NVL(src.JOB_ID, ''X'') <> NVL(tgt.JOB_ID, ''X'') OR
  NVL(src.CURRENT_SALARY, -1) <> NVL(tgt.CURRENT_SALARY, -1)';
    v_correct := NULL;
    v_ddl := '
CREATE TABLE HR_EMP_CAREER_EVENT_F (
    EMPLOYEE_ID        NUMBER(6),
    EVENT_SOURCE       VARCHAR2(20),
    EVENT_DATE         DATE,
    EVENT_END_DATE     DATE,
    JOB_ID             VARCHAR2(20),
    DEPARTMENT_ID      NUMBER(6),
    CURRENT_SALARY     NUMBER(8,2),
    HISTORY_GAP_DAYS   NUMBER,
    EVENT_TYPE         VARCHAR2(30),
    EVENT_STATUS       VARCHAR2(20),
    EMP_EVENT_SEQ      NUMBER,
    PREV_JOB_ID        VARCHAR2(20),
    PREV_DEPARTMENT_ID NUMBER(6)
)
';
    INSERT INTO NEXT_MIG_INFO (
        MAP_ID, MAP_TYPE, FR_TABLE, TO_TABLE, USE_YN, TARGET_YN, PRIORITY,
        MIG_SQL, VERIFY_SQL, STATUS, BATCH_CNT, CORRECT_SQL, USER_EDITED,
        UPD_TS, ELAPSED_SECONDS, RETRY_COUNT, CREATED_AT, DDL_SQL
    ) VALUES (
        103, 'COMPLEX', '(CURRENT UNION ALL HISTORY) FROM HR.EMPLOYEES, HR.JOB_HISTORY', 'HR_EMP_CAREER_EVENT_F',
        'N', 'Y', 103,
        v_mig, v_verify,
        'PASS', 5, v_correct, 'N',
        TO_TIMESTAMP('2026-04-15 13:24:37.615000', 'YYYY-MM-DD HH24:MI:SS.FF6'), 10, 1,
        TO_TIMESTAMP('2026-04-15 10:18:13.829000', 'YYYY-MM-DD HH24:MI:SS.FF6'), v_ddl
    );
END;
/

-- MAP_ID = 104 (HR_EMP_HISTORY_STACKED_F)
DECLARE
    v_mig     CLOB;
    v_verify  CLOB;
    v_correct CLOB;
    v_ddl     CLOB;
BEGIN
    v_mig := 'INSERT INTO HR_EMP_HISTORY_STACKED_F (SOURCE_TAG, TRACK_TYPE, EVENT_END_DATE, HISTORY_GAP_DAYS, DD, EE_SIGNAL, TRACK_SEQ, DEPARTMENT_ID, EMPLOYEE_ID, EVENT_DATE, JOB_ID, CURRENT_SALARY)
SELECT 
    CASE WHEN emp.EMPLOYEE_ID IS NOT NULL THEN ''EMPLOYEES'' ELSE ''JOB_HISTORY'' END AS SOURCE_TAG,
    CASE WHEN emp.EMPLOYEE_ID IS NOT NULL THEN ''CURRENT_TRACK'' ELSE ''HISTORY_TRACK'' END AS TRACK_TYPE,
    CASE WHEN emp.EMPLOYEE_ID IS NOT NULL THEN CAST(NULL AS DATE) ELSE jh.END_DATE END AS EVENT_END_DATE,
    CASE WHEN emp.EMPLOYEE_ID IS NOT NULL THEN CAST(NULL AS NUMBER) ELSE TRUNC(NVL(jh.END_DATE, SYSDATE) - jh.START_DATE) END AS HISTORY_GAP_DAYS,
    CAST(NULL AS VARCHAR2(100)) AS DD,
    CAST(NULL AS VARCHAR2(50)) AS EE_SIGNAL,
    ROW_NUMBER() OVER (PARTITION BY COALESCE(emp.EMPLOYEE_ID, jh.EMPLOYEE_ID), CASE WHEN emp.EMPLOYEE_ID IS NOT NULL THEN ''EMPLOYEES'' ELSE ''JOB_HISTORY'' END ORDER BY COALESCE(emp.HIRE_DATE, jh.START_DATE)) AS TRACK_SEQ,
    CASE WHEN emp.EMPLOYEE_ID IS NOT NULL THEN emp.DEPARTMENT_ID ELSE jh.DEPARTMENT_ID END AS DEPARTMENT_ID,
    COALESCE(emp.EMPLOYEE_ID, jh.EMPLOYEE_ID) AS EMPLOYEE_ID,
    COALESCE(emp.HIRE_DATE, jh.START_DATE) AS EVENT_DATE,
    COALESCE(emp.JOB_ID, jh.JOB_ID) AS JOB_ID,
    emp.SALARY AS CURRENT_SALARY
FROM 
    HR.EMPLOYEES emp
FULL OUTER JOIN 
    HR.JOB_HISTORY jh ON emp.EMPLOYEE_ID = jh.EMPLOYEE_ID;';
    v_verify := 'SELECT SUM(CASE WHEN src.SOURCE_TAG <> tgt.SOURCE_TAG OR src.TRACK_TYPE <> tgt.TRACK_TYPE OR src.EVENT_END_DATE <> tgt.EVENT_END_DATE OR src.HISTORY_GAP_DAYS <> tgt.HISTORY_GAP_DAYS OR src.DD <> tgt.DD OR src.EE_SIGNAL <> tgt.EE_SIGNAL OR src.DEPARTMENT_ID <> tgt.DEPARTMENT_ID OR src.EMPLOYEE_ID <> tgt.EMPLOYEE_ID OR src.EVENT_DATE <> tgt.EVENT_DATE OR src.JOB_ID <> tgt.JOB_ID OR src.CURRENT_SALARY <> tgt.CURRENT_SALARY THEN 1 ELSE 0 END) AS DIFF
FROM (
    SELECT 
        CASE WHEN emp.EMPLOYEE_ID IS NOT NULL THEN ''EMPLOYEES'' ELSE ''JOB_HISTORY'' END AS SOURCE_TAG,
        CASE WHEN emp.EMPLOYEE_ID IS NOT NULL THEN ''CURRENT_TRACK'' ELSE ''HISTORY_TRACK'' END AS TRACK_TYPE,
        CASE WHEN emp.EMPLOYEE_ID IS NOT NULL THEN CAST(NULL AS DATE) ELSE jh.END_DATE END AS EVENT_END_DATE,
        CASE WHEN emp.EMPLOYEE_ID IS NOT NULL THEN CAST(NULL AS NUMBER) ELSE TRUNC(NVL(jh.END_DATE, SYSDATE) - jh.START_DATE) END AS HISTORY_GAP_DAYS,
        CAST(NULL AS VARCHAR2(100)) AS DD,
        CAST(NULL AS VARCHAR2(50)) AS EE_SIGNAL,
        ROW_NUMBER() OVER (PARTITION BY COALESCE(emp.EMPLOYEE_ID, jh.EMPLOYEE_ID), CASE WHEN emp.EMPLOYEE_ID IS NOT NULL THEN ''EMPLOYEES'' ELSE ''JOB_HISTORY'' END ORDER BY COALESCE(emp.HIRE_DATE, jh.START_DATE)) AS TRACK_SEQ,
        CASE WHEN emp.EMPLOYEE_ID IS NOT NULL THEN emp.DEPARTMENT_ID ELSE jh.DEPARTMENT_ID END AS DEPARTMENT_ID,
        COALESCE(emp.EMPLOYEE_ID, jh.EMPLOYEE_ID) AS EMPLOYEE_ID,
        COALESCE(emp.HIRE_DATE, jh.START_DATE) AS EVENT_DATE,
        COALESCE(emp.JOB_ID, jh.JOB_ID) AS JOB_ID,
        emp.SALARY AS CURRENT_SALARY
    FROM 
        HR.EMPLOYEES emp
    FULL OUTER JOIN 
        HR.JOB_HISTORY jh ON emp.EMPLOYEE_ID = jh.EMPLOYEE_ID
) src
LEFT JOIN 
HR_EMP_HISTORY_STACKED_F tgt ON src.EMPLOYEE_ID = tgt.EMPLOYEE_ID AND src.EVENT_DATE = tgt.EVENT_DATE AND src.TRACK_SEQ = tgt.TRACK_SEQ;';
    v_correct := NULL;
    v_ddl := '
CREATE TABLE HR_EMP_HISTORY_STACKED_F (
    EMPLOYEE_ID       NUMBER(6),
    EVENT_DATE        DATE,
    EVENT_END_DATE    DATE,
    DD                VARCHAR2(100),
    EE_SIGNAL         VARCHAR2(50),
    SOURCE_TAG        VARCHAR2(30),
    CURRENT_SALARY    NUMBER(8,2),
    HISTORY_GAP_DAYS  NUMBER,
    JOB_ID            VARCHAR2(20),
    DEPARTMENT_ID     NUMBER(6),
    TRACK_TYPE        VARCHAR2(30),
    TRACK_SEQ         NUMBER
)
';
    INSERT INTO NEXT_MIG_INFO (
        MAP_ID, MAP_TYPE, FR_TABLE, TO_TABLE, USE_YN, TARGET_YN, PRIORITY,
        MIG_SQL, VERIFY_SQL, STATUS, BATCH_CNT, CORRECT_SQL, USER_EDITED,
        UPD_TS, ELAPSED_SECONDS, RETRY_COUNT, CREATED_AT, DDL_SQL
    ) VALUES (
        104, 'COMPLEX', '(AA/BB/CC/EE CASE UNION ALL) FROM HR.EMPLOYEES, HR.JOB_HISTORY', 'HR_EMP_HISTORY_STACKED_F',
        'N', 'Y', 104,
        v_mig, v_verify,
        'PASS', 1, v_correct, 'N',
        TO_TIMESTAMP('2026-04-15 13:24:53.381000', 'YYYY-MM-DD HH24:MI:SS.FF6'), 15, 2,
        TO_TIMESTAMP('2026-04-15 10:18:13.835000', 'YYYY-MM-DD HH24:MI:SS.FF6'), v_ddl
    );
END;
/

-- MAP_ID = 105 (HR_EMP_TYPECAST_AUDIT)
DECLARE
    v_mig     CLOB;
    v_verify  CLOB;
    v_correct CLOB;
    v_ddl     CLOB;
BEGIN
    v_mig := 'INSERT INTO HR_EMP_TYPECAST_AUDIT (
  EMPLOYEE_ID_TXT,
  HIRE_DATE_YYYYMMDD,
  JOB_ID_TXT,
  DEPARTMENT_ID_TXT,
  SALARY_TXT,
  COMMISSION_TXT,
  MIN_SALARY_TXT,
  MAX_SALARY_TXT,
  MIN_SALARY_DECIMAL,
  MAX_SALARY_DECIMAL,
  HIRE_DATE_ROUNDTRIP,
  SALARY_NUM,
  EMP_HASH_KEY,
  JOB_RANGE_CHECK,
  CAST_QUALITY_STATUS
)
SELECT 
  TO_CHAR(e.EMPLOYEE_ID) AS EMPLOYEE_ID_TXT,
  TO_CHAR(e.HIRE_DATE, ''YYYYMMDD'') AS HIRE_DATE_YYYYMMDD,
  TO_CHAR(e.JOB_ID) AS JOB_ID_TXT,
  TO_CHAR(e.DEPARTMENT_ID) AS DEPARTMENT_ID_TXT,
  TO_CHAR(e.SALARY, ''FM9999990D00'', ''NLS_NUMERIC_CHARACTERS=.,'') AS SALARY_TXT,
  NVL(TO_CHAR(e.COMMISSION_PCT, ''FM0D99'', ''NLS_NUMERIC_CHARACTERS=.,''), ''0.00'') AS COMMISSION_TXT,
  TO_CHAR(j.MIN_SALARY) AS MIN_SALARY_TXT,
  TO_CHAR(j.MAX_SALARY) AS MAX_SALARY_TXT,
  CAST(j.MIN_SALARY AS NUMBER(12,2)) AS MIN_SALARY_DECIMAL,
  CAST(j.MAX_SALARY AS NUMBER(12,2)) AS MAX_SALARY_DECIMAL,
  TO_DATE(TO_CHAR(e.HIRE_DATE, ''YYYYMMDD''), ''YYYYMMDD'') AS HIRE_DATE_ROUNDTRIP,
  TO_NUMBER(TO_CHAR(e.SALARY, ''FM9999990D00'', ''NLS_NUMERIC_CHARACTERS=.,''), ''9999990D00'', ''NLS_NUMERIC_CHARACTERS=.,'') AS SALARY_NUM,
  TO_CHAR(ORA_HASH(TO_CHAR(e.EMPLOYEE_ID) || '':'' || TO_CHAR(e.HIRE_DATE, ''YYYYMMDD'') || '':'' || TO_CHAR(e.JOB_ID))) AS EMP_HASH_KEY,
  CASE WHEN j.MIN_SALARY IS NULL OR j.MAX_SALARY IS NULL THEN ''JOB_RANGE_MISSING'' WHEN CAST(j.MIN_SALARY AS NUMBER(12,2)) > CAST(j.MAX_SALARY AS NUMBER(12,2)) THEN ''JOB_RANGE_INVALID'' ELSE ''JOB_RANGE_OK'' END AS JOB_RANGE_CHECK,
  CASE WHEN TO_NUMBER(TO_CHAR(e.SALARY, ''FM9999990D00'', ''NLS_NUMERIC_CHARACTERS=.,''), ''9999990D00'', ''NLS_NUMERIC_CHARACTERS=.,'') IS NULL THEN ''NUM_CAST_FAIL'' WHEN TO_DATE(TO_CHAR(e.HIRE_DATE, ''YYYYMMDD''), ''YYYYMMDD'') IS NULL THEN ''DATE_CAST_FAIL'' ELSE ''OK'' END AS CAST_QUALITY_STATUS
FROM HR.EMPLOYEES e
LEFT JOIN HR.JOBS j ON j.JOB_ID = e.JOB_ID;';
    v_verify := 'SELECT SUM(CASE WHEN src.EMPLOYEE_ID_TXT <> tgt.EMPLOYEE_ID_TXT OR src.HIRE_DATE_YYYYMMDD <> tgt.HIRE_DATE_YYYYMMDD OR src.JOB_ID_TXT <> tgt.JOB_ID_TXT OR src.DEPARTMENT_ID_TXT <> tgt.DEPARTMENT_ID_TXT OR src.SALARY_TXT <> tgt.SALARY_TXT OR src.COMMISSION_TXT <> tgt.COMMISSION_TXT OR src.MIN_SALARY_TXT <> tgt.MIN_SALARY_TXT OR src.MAX_SALARY_TXT <> tgt.MAX_SALARY_TXT OR src.MIN_SALARY_DECIMAL <> tgt.MIN_SALARY_DECIMAL OR src.MAX_SALARY_DECIMAL <> tgt.MAX_SALARY_DECIMAL OR src.HIRE_DATE_ROUNDTRIP <> tgt.HIRE_DATE_ROUNDTRIP OR src.SALARY_NUM <> tgt.SALARY_NUM OR src.EMP_HASH_KEY <> tgt.EMP_HASH_KEY OR src.JOB_RANGE_CHECK <> tgt.JOB_RANGE_CHECK OR src.CAST_QUALITY_STATUS <> tgt.CAST_QUALITY_STATUS THEN 1 ELSE 0 END) AS DIFF
FROM (
  SELECT 
    TO_CHAR(e.EMPLOYEE_ID) AS EMPLOYEE_ID_TXT,
    TO_CHAR(e.HIRE_DATE, ''YYYYMMDD'') AS HIRE_DATE_YYYYMMDD,
    TO_CHAR(e.JOB_ID) AS JOB_ID_TXT,
    TO_CHAR(e.DEPARTMENT_ID) AS DEPARTMENT_ID_TXT,
    TO_CHAR(e.SALARY, ''FM9999990D00'', ''NLS_NUMERIC_CHARACTERS=.,'') AS SALARY_TXT,
    NVL(TO_CHAR(e.COMMISSION_PCT, ''FM0D99'', ''NLS_NUMERIC_CHARACTERS=.,''), ''0.00'') AS COMMISSION_TXT,
    TO_CHAR(j.MIN_SALARY) AS MIN_SALARY_TXT,
    TO_CHAR(j.MAX_SALARY) AS MAX_SALARY_TXT,
    CAST(j.MIN_SALARY AS NUMBER(12,2)) AS MIN_SALARY_DECIMAL,
    CAST(j.MAX_SALARY AS NUMBER(12,2)) AS MAX_SALARY_DECIMAL,
    TO_DATE(TO_CHAR(e.HIRE_DATE, ''YYYYMMDD''), ''YYYYMMDD'') AS HIRE_DATE_ROUNDTRIP,
    TO_NUMBER(TO_CHAR(e.SALARY, ''FM9999990D00'', ''NLS_NUMERIC_CHARACTERS=.,''), ''9999990D00'', ''NLS_NUMERIC_CHARACTERS=.,'') AS SALARY_NUM,
    TO_CHAR(ORA_HASH(TO_CHAR(e.EMPLOYEE_ID) || '':'' || TO_CHAR(e.HIRE_DATE, ''YYYYMMDD'') || '':'' || TO_CHAR(e.JOB_ID))) AS EMP_HASH_KEY,
    CASE WHEN j.MIN_SALARY IS NULL OR j.MAX_SALARY IS NULL THEN ''JOB_RANGE_MISSING'' WHEN CAST(j.MIN_SALARY AS NUMBER(12,2)) > CAST(j.MAX_SALARY AS NUMBER(12,2)) THEN ''JOB_RANGE_INVALID'' ELSE ''JOB_RANGE_OK'' END AS JOB_RANGE_CHECK,
    CASE WHEN TO_NUMBER(TO_CHAR(e.SALARY, ''FM9999990D00'', ''NLS_NUMERIC_CHARACTERS=.,''), ''9999990D00'', ''NLS_NUMERIC_CHARACTERS=.,'') IS NULL THEN ''NUM_CAST_FAIL'' WHEN TO_DATE(TO_CHAR(e.HIRE_DATE, ''YYYYMMDD''), ''YYYYMMDD'') IS NULL THEN ''DATE_CAST_FAIL'' ELSE ''OK'' END AS CAST_QUALITY_STATUS
  FROM HR.EMPLOYEES e
  LEFT JOIN HR.JOBS j ON j.JOB_ID = e.JOB_ID
) src,
HR_EMP_TYPECAST_AUDIT tgt
WHERE src.EMPLOYEE_ID_TXT = tgt.EMPLOYEE_ID_TXT;';
    v_correct := NULL;
    v_ddl := NULL;
    INSERT INTO NEXT_MIG_INFO (
        MAP_ID, MAP_TYPE, FR_TABLE, TO_TABLE, USE_YN, TARGET_YN, PRIORITY,
        MIG_SQL, VERIFY_SQL, STATUS, BATCH_CNT, CORRECT_SQL, USER_EDITED,
        UPD_TS, ELAPSED_SECONDS, RETRY_COUNT, CREATED_AT, DDL_SQL
    ) VALUES (
        105, 'COMPLEX', 'HR.EMPLOYEES e LEFT JOIN HR.JOBS j ON j.JOB_ID=e.JOB_ID', 'HR_EMP_TYPECAST_AUDIT',
        'N', 'Y', 105,
        v_mig, v_verify,
        'PASS', 6, v_correct, 'N',
        TO_TIMESTAMP('2026-04-15 13:58:48.526000', 'YYYY-MM-DD HH24:MI:SS.FF6'), 27, 3,
        TO_TIMESTAMP('2026-04-15 10:18:13.842000', 'YYYY-MM-DD HH24:MI:SS.FF6'), v_ddl
    );
END;
/

-- MAP_ID = 106 (HR_DEPT_TYPECAST_AUDIT)
DECLARE
    v_mig     CLOB;
    v_verify  CLOB;
    v_correct CLOB;
    v_ddl     CLOB;
BEGIN
    v_mig := 'INSERT INTO HR_DEPT_TYPECAST_AUDIT (
    DEPARTMENT_ID_LPAD,
    DEPARTMENT_NAME,
    DEPT_PAY_BAND,
    DEPT_SIZE_BAND,
    AVG_SALARY_NUM,
    EMP_COUNT_NUM,
    AVG_SALARY_TXT,
    DEPARTMENT_ID_TXT,
    EMP_COUNT_TXT,
    MAX_SALARY_TXT,
    MIN_SALARY_TXT,
    TOTAL_SALARY_TXT,
    DEPT_HASH_KEY,
    SNAP_DATE_YYYYMMDD,
    SNAP_DATE
)
SELECT
    LPAD(TO_CHAR(d.DEPARTMENT_ID), 6, ''0'') AS DEPARTMENT_ID_LPAD,
    d.DEPARTMENT_NAME,
    CASE
        WHEN AVG(e.SALARY) IS NULL THEN ''N/A''
        WHEN AVG(e.SALARY) >= 12000 THEN ''HIGH_PAY''
        WHEN AVG(e.SALARY) >= 7000 THEN ''MID_PAY''
        ELSE ''LOW_PAY''
    END AS DEPT_PAY_BAND,
    CASE
        WHEN COUNT(e.EMPLOYEE_ID) = 0 THEN ''EMPTY''
        WHEN COUNT(e.EMPLOYEE_ID) >= 10 THEN ''LARGE''
        WHEN COUNT(e.EMPLOYEE_ID) >= 5 THEN ''MEDIUM''
        ELSE ''SMALL''
    END AS DEPT_SIZE_BAND,
    CAST(AVG(e.SALARY) AS NUMBER(12,2)) AS AVG_SALARY_NUM,
    CAST(COUNT(e.EMPLOYEE_ID) AS NUMBER(10,0)) AS EMP_COUNT_NUM,
    TO_CHAR(AVG(e.SALARY), ''FM9999990D00'', ''NLS_NUMERIC_CHARACTERS=.,'') AS AVG_SALARY_TXT,
    TO_CHAR(d.DEPARTMENT_ID) AS DEPARTMENT_ID_TXT,
    TO_CHAR(COUNT(e.EMPLOYEE_ID)) AS EMP_COUNT_TXT,
    TO_CHAR(MAX(e.SALARY), ''FM9999990D00'', ''NLS_NUMERIC_CHARACTERS=.,'') AS MAX_SALARY_TXT,
    TO_CHAR(MIN(e.SALARY), ''FM9999990D00'', ''NLS_NUMERIC_CHARACTERS=.,'') AS MIN_SALARY_TXT,
    TO_CHAR(SUM(e.SALARY), ''FM9999999990D00'', ''NLS_NUMERIC_CHARACTERS=.,'') AS TOTAL_SALARY_TXT,
    TO_CHAR(ORA_HASH(TO_CHAR(d.DEPARTMENT_ID) || '':'' || TO_CHAR(COUNT(e.EMPLOYEE_ID)) || '':'' || TO_CHAR(NVL(SUM(e.SALARY),0)))) AS DEPT_HASH_KEY,
    TO_CHAR(SYSDATE, ''YYYYMMDD'') AS SNAP_DATE_YYYYMMDD,
    TO_DATE(TO_CHAR(SYSDATE, ''YYYYMMDD''), ''YYYYMMDD'') AS SNAP_DATE
FROM
    HR.DEPARTMENTS d
LEFT JOIN
    HR.EMPLOYEES e ON e.DEPARTMENT_ID = d.DEPARTMENT_ID
GROUP BY
    d.DEPARTMENT_ID,
    d.DEPARTMENT_NAME;';
    v_verify := 'SELECT SUM(CASE WHEN src.DEPARTMENT_ID_LPAD <> tgt.DEPARTMENT_ID_LPAD THEN 1 ELSE 0 END +
             CASE WHEN src.DEPARTMENT_NAME <> tgt.DEPARTMENT_NAME THEN 1 ELSE 0 END +
             CASE WHEN src.DEPT_PAY_BAND <> tgt.DEPT_PAY_BAND THEN 1 ELSE 0 END +
             CASE WHEN src.DEPT_SIZE_BAND <> tgt.DEPT_SIZE_BAND THEN 1 ELSE 0 END +
             CASE WHEN src.AVG_SALARY_NUM <> tgt.AVG_SALARY_NUM THEN 1 ELSE 0 END +
             CASE WHEN src.EMP_COUNT_NUM <> tgt.EMP_COUNT_NUM THEN 1 ELSE 0 END +
             CASE WHEN src.AVG_SALARY_TXT <> tgt.AVG_SALARY_TXT THEN 1 ELSE 0 END +
             CASE WHEN src.DEPARTMENT_ID_TXT <> tgt.DEPARTMENT_ID_TXT THEN 1 ELSE 0 END +
             CASE WHEN src.EMP_COUNT_TXT <> tgt.EMP_COUNT_TXT THEN 1 ELSE 0 END +
             CASE WHEN src.MAX_SALARY_TXT <> tgt.MAX_SALARY_TXT THEN 1 ELSE 0 END +
             CASE WHEN src.MIN_SALARY_TXT <> tgt.MIN_SALARY_TXT THEN 1 ELSE 0 END +
             CASE WHEN src.TOTAL_SALARY_TXT <> tgt.TOTAL_SALARY_TXT THEN 1 ELSE 0 END +
             CASE WHEN src.DEPT_HASH_KEY <> tgt.DEPT_HASH_KEY THEN 1 ELSE 0 END +
             CASE WHEN src.SNAP_DATE_YYYYMMDD <> tgt.SNAP_DATE_YYYYMMDD THEN 1 ELSE 0 END +
             CASE WHEN src.SNAP_DATE <> tgt.SNAP_DATE THEN 1 ELSE 0 END) AS DIFF
FROM (
    SELECT
        LPAD(TO_CHAR(d.DEPARTMENT_ID), 6, ''0'') AS DEPARTMENT_ID_LPAD,
        d.DEPARTMENT_NAME,
        CASE
            WHEN AVG(e.SALARY) IS NULL THEN ''N/A''
            WHEN AVG(e.SALARY) >= 12000 THEN ''HIGH_PAY''
            WHEN AVG(e.SALARY) >= 7000 THEN ''MID_PAY''
            ELSE ''LOW_PAY''
        END AS DEPT_PAY_BAND,
        CASE
            WHEN COUNT(e.EMPLOYEE_ID) = 0 THEN ''EMPTY''
            WHEN COUNT(e.EMPLOYEE_ID) >= 10 THEN ''LARGE''
            WHEN COUNT(e.EMPLOYEE_ID) >= 5 THEN ''MEDIUM''
            ELSE ''SMALL''
        END AS DEPT_SIZE_BAND,
        CAST(AVG(e.SALARY) AS NUMBER(12,2)) AS AVG_SALARY_NUM,
        CAST(COUNT(e.EMPLOYEE_ID) AS NUMBER(10,0)) AS EMP_COUNT_NUM,
        TO_CHAR(AVG(e.SALARY), ''FM9999990D00'', ''NLS_NUMERIC_CHARACTERS=.,'') AS AVG_SALARY_TXT,
        TO_CHAR(d.DEPARTMENT_ID) AS DEPARTMENT_ID_TXT,
        TO_CHAR(COUNT(e.EMPLOYEE_ID)) AS EMP_COUNT_TXT,
        TO_CHAR(MAX(e.SALARY), ''FM9999990D00'', ''NLS_NUMERIC_CHARACTERS=.,'') AS MAX_SALARY_TXT,
        TO_CHAR(MIN(e.SALARY), ''FM9999990D00'', ''NLS_NUMERIC_CHARACTERS=.,'') AS MIN_SALARY_TXT,
        TO_CHAR(SUM(e.SALARY), ''FM9999999990D00'', ''NLS_NUMERIC_CHARACTERS=.,'') AS TOTAL_SALARY_TXT,
        TO_CHAR(ORA_HASH(TO_CHAR(d.DEPARTMENT_ID) || '':'' || TO_CHAR(COUNT(e.EMPLOYEE_ID)) || '':'' || TO_CHAR(NVL(SUM(e.SALARY),0)))) AS DEPT_HASH_KEY,
        TO_CHAR(SYSDATE, ''YYYYMMDD'') AS SNAP_DATE_YYYYMMDD,
        TO_DATE(TO_CHAR(SYSDATE, ''YYYYMMDD''), ''YYYYMMDD'') AS SNAP_DATE
    FROM
        HR.DEPARTMENTS d
    LEFT JOIN
        HR.EMPLOYEES e ON e.DEPARTMENT_ID = d.DEPARTMENT_ID
    GROUP BY
        d.DEPARTMENT_ID,
        d.DEPARTMENT_NAME
) src,
HR_DEPT_TYPECAST_AUDIT tgt
WHERE src.DEPARTMENT_ID_LPAD = tgt.DEPARTMENT_ID_LPAD;';
    v_correct := NULL;
    v_ddl := NULL;
    INSERT INTO NEXT_MIG_INFO (
        MAP_ID, MAP_TYPE, FR_TABLE, TO_TABLE, USE_YN, TARGET_YN, PRIORITY,
        MIG_SQL, VERIFY_SQL, STATUS, BATCH_CNT, CORRECT_SQL, USER_EDITED,
        UPD_TS, ELAPSED_SECONDS, RETRY_COUNT, CREATED_AT, DDL_SQL
    ) VALUES (
        106, 'COMPLEX', 'HR.DEPARTMENTS d LEFT JOIN HR.EMPLOYEES e ON e.DEPARTMENT_ID=d.DEPARTMENT_ID', 'HR_DEPT_TYPECAST_AUDIT',
        'N', 'Y', 106,
        v_mig, v_verify,
        'PASS', 1, v_correct, 'N',
        TO_TIMESTAMP('2026-04-15 13:43:53.939000', 'YYYY-MM-DD HH24:MI:SS.FF6'), 8, 1,
        TO_TIMESTAMP('2026-04-15 10:18:13.849000', 'YYYY-MM-DD HH24:MI:SS.FF6'), v_ddl
    );
END;
/

COMMIT;

-- ============================================================
-- 3. INSERT NEXT_MIG_INFO_DTL (103건)
-- ============================================================

INSERT INTO NEXT_MIG_INFO_DTL (MAP_DTL, MAP_ID, FR_COL, TO_COL) VALUES (1, 1, 'EMPLOYEE_ID', 'EMP_ID');
INSERT INTO NEXT_MIG_INFO_DTL (MAP_DTL, MAP_ID, FR_COL, TO_COL) VALUES (2, 1, 'FIRST_NAME || '' '' || LAST_NAME', 'NAME');
INSERT INTO NEXT_MIG_INFO_DTL (MAP_DTL, MAP_ID, FR_COL, TO_COL) VALUES (3, 1, 'EMAIL', 'EMAIL');
INSERT INTO NEXT_MIG_INFO_DTL (MAP_DTL, MAP_ID, FR_COL, TO_COL) VALUES (4, 1, 'HIRE_DATE', 'HIRE_DATE');
INSERT INTO NEXT_MIG_INFO_DTL (MAP_DTL, MAP_ID, FR_COL, TO_COL) VALUES (5, 1, 'JOB_ID', 'JOB_ID');
INSERT INTO NEXT_MIG_INFO_DTL (MAP_DTL, MAP_ID, FR_COL, TO_COL) VALUES (6, 1, 'SALARY', 'SALARY');
INSERT INTO NEXT_MIG_INFO_DTL (MAP_DTL, MAP_ID, FR_COL, TO_COL) VALUES (10, 3, 'E.EMPLOYEE_ID', 'EMP_ID');
INSERT INTO NEXT_MIG_INFO_DTL (MAP_DTL, MAP_ID, FR_COL, TO_COL) VALUES (11, 3, 'E.FIRST_NAME || '' '' || E.LAST_NAME', 'EMP_NAME');
INSERT INTO NEXT_MIG_INFO_DTL (MAP_DTL, MAP_ID, FR_COL, TO_COL) VALUES (12, 3, 'J.JOB_TITLE', 'JOB_TITLE');
INSERT INTO NEXT_MIG_INFO_DTL (MAP_DTL, MAP_ID, FR_COL, TO_COL) VALUES (13, 3, 'E.SALARY', 'SALARY');
INSERT INTO NEXT_MIG_INFO_DTL (MAP_DTL, MAP_ID, FR_COL, TO_COL) VALUES (1001, 101, 'e.EMPLOYEE_ID', 'EMPLOYEE_ID');
INSERT INTO NEXT_MIG_INFO_DTL (MAP_DTL, MAP_ID, FR_COL, TO_COL) VALUES (1002, 101, 'e.FIRST_NAME', 'FIRST_NAME');
INSERT INTO NEXT_MIG_INFO_DTL (MAP_DTL, MAP_ID, FR_COL, TO_COL) VALUES (1003, 101, 'e.LAST_NAME', 'LAST_NAME');
INSERT INTO NEXT_MIG_INFO_DTL (MAP_DTL, MAP_ID, FR_COL, TO_COL) VALUES (1004, 101, 'e.EMAIL', 'EMAIL');
INSERT INTO NEXT_MIG_INFO_DTL (MAP_DTL, MAP_ID, FR_COL, TO_COL) VALUES (1005, 101, 'e.PHONE_NUMBER', 'PHONE_NUMBER');
INSERT INTO NEXT_MIG_INFO_DTL (MAP_DTL, MAP_ID, FR_COL, TO_COL) VALUES (1006, 101, 'e.HIRE_DATE', 'HIRE_DATE');
INSERT INTO NEXT_MIG_INFO_DTL (MAP_DTL, MAP_ID, FR_COL, TO_COL) VALUES (1007, 101, 'e.DEPARTMENT_ID', 'DEPARTMENT_ID');
INSERT INTO NEXT_MIG_INFO_DTL (MAP_DTL, MAP_ID, FR_COL, TO_COL) VALUES (1008, 101, 'd.DEPARTMENT_NAME', 'DEPARTMENT_NAME');
INSERT INTO NEXT_MIG_INFO_DTL (MAP_DTL, MAP_ID, FR_COL, TO_COL) VALUES (1009, 101, 'e.JOB_ID', 'JOB_ID');
INSERT INTO NEXT_MIG_INFO_DTL (MAP_DTL, MAP_ID, FR_COL, TO_COL) VALUES (1010, 101, 'j.JOB_TITLE', 'JOB_TITLE');
INSERT INTO NEXT_MIG_INFO_DTL (MAP_DTL, MAP_ID, FR_COL, TO_COL) VALUES (1011, 101, 'e.SALARY', 'CURRENT_SALARY');
INSERT INTO NEXT_MIG_INFO_DTL (MAP_DTL, MAP_ID, FR_COL, TO_COL) VALUES (1012, 101, 'e.COMMISSION_PCT', 'COMMISSION_PCT');
INSERT INTO NEXT_MIG_INFO_DTL (MAP_DTL, MAP_ID, FR_COL, TO_COL) VALUES (1013, 101, 'e.MANAGER_ID', 'MANAGER_ID');
INSERT INTO NEXT_MIG_INFO_DTL (MAP_DTL, MAP_ID, FR_COL, TO_COL) VALUES (1014, 101, 'd.MANAGER_ID', 'DEPT_MANAGER_ID');
INSERT INTO NEXT_MIG_INFO_DTL (MAP_DTL, MAP_ID, FR_COL, TO_COL) VALUES (1015, 101, 'CASE WHEN e.SALARY >= 20000 THEN ''EXEC'' WHEN e.SALARY >= 12000 THEN ''HIGH'' WHEN e.SALARY >= 7000 THEN ''MID'' ELSE ''LOW'' END', 'SALARY_BAND');
INSERT INTO NEXT_MIG_INFO_DTL (MAP_DTL, MAP_ID, FR_COL, TO_COL) VALUES (1016, 101, 'CASE WHEN j.MAX_SALARY IS NULL THEN ''NO_JOB_RANGE'' WHEN e.SALARY > j.MAX_SALARY THEN ''ABOVE_JOB_MAX'' WHEN e.SALARY < j.MIN_SALARY THEN ''BELOW_JOB_MIN'' ELSE ''IN_JOB_RANGE'' END', 'JOB_RANGE_STATUS');
INSERT INTO NEXT_MIG_INFO_DTL (MAP_DTL, MAP_ID, FR_COL, TO_COL) VALUES (1017, 101, 'CASE WHEN e.MANAGER_ID IS NULL THEN ''NO_MANAGER'' ELSE ''HAS_MANAGER'' END', 'MANAGER_EXISTS_YN');
INSERT INTO NEXT_MIG_INFO_DTL (MAP_DTL, MAP_ID, FR_COL, TO_COL) VALUES (1018, 101, 'ROW_NUMBER() OVER (PARTITION BY e.DEPARTMENT_ID ORDER BY e.SALARY DESC, e.EMPLOYEE_ID)', 'DEPT_SALARY_RANK');
INSERT INTO NEXT_MIG_INFO_DTL (MAP_DTL, MAP_ID, FR_COL, TO_COL) VALUES (1019, 101, 'DENSE_RANK() OVER (PARTITION BY e.JOB_ID ORDER BY e.SALARY DESC)', 'JOB_SALARY_RANK');
INSERT INTO NEXT_MIG_INFO_DTL (MAP_DTL, MAP_ID, FR_COL, TO_COL) VALUES (1020, 101, 'COUNT(*) OVER (PARTITION BY e.DEPARTMENT_ID)', 'DEPT_EMP_COUNT');
INSERT INTO NEXT_MIG_INFO_DTL (MAP_DTL, MAP_ID, FR_COL, TO_COL) VALUES (1021, 102, 'd.DEPARTMENT_ID', 'DEPARTMENT_ID');
INSERT INTO NEXT_MIG_INFO_DTL (MAP_DTL, MAP_ID, FR_COL, TO_COL) VALUES (1022, 102, 'd.DEPARTMENT_NAME', 'DEPARTMENT_NAME');
INSERT INTO NEXT_MIG_INFO_DTL (MAP_DTL, MAP_ID, FR_COL, TO_COL) VALUES (1023, 102, 'd.MANAGER_ID', 'DEPT_MANAGER_ID');
INSERT INTO NEXT_MIG_INFO_DTL (MAP_DTL, MAP_ID, FR_COL, TO_COL) VALUES (1024, 102, 'COUNT(e.EMPLOYEE_ID)', 'EMP_COUNT');
INSERT INTO NEXT_MIG_INFO_DTL (MAP_DTL, MAP_ID, FR_COL, TO_COL) VALUES (1025, 102, 'COUNT(DISTINCT e.JOB_ID)', 'DISTINCT_JOB_COUNT');
INSERT INTO NEXT_MIG_INFO_DTL (MAP_DTL, MAP_ID, FR_COL, TO_COL) VALUES (1026, 102, 'SUM(e.SALARY)', 'TOTAL_SALARY');
INSERT INTO NEXT_MIG_INFO_DTL (MAP_DTL, MAP_ID, FR_COL, TO_COL) VALUES (1027, 102, 'ROUND(AVG(e.SALARY), 2)', 'AVG_SALARY');
INSERT INTO NEXT_MIG_INFO_DTL (MAP_DTL, MAP_ID, FR_COL, TO_COL) VALUES (1028, 102, 'MIN(e.SALARY)', 'MIN_SALARY');
INSERT INTO NEXT_MIG_INFO_DTL (MAP_DTL, MAP_ID, FR_COL, TO_COL) VALUES (1029, 102, 'MAX(e.SALARY)', 'MAX_SALARY');
INSERT INTO NEXT_MIG_INFO_DTL (MAP_DTL, MAP_ID, FR_COL, TO_COL) VALUES (1030, 102, 'MEDIAN(e.SALARY)', 'MEDIAN_SALARY');
INSERT INTO NEXT_MIG_INFO_DTL (MAP_DTL, MAP_ID, FR_COL, TO_COL) VALUES (1031, 102, 'STDDEV(e.SALARY)', 'SALARY_STDDEV');
INSERT INTO NEXT_MIG_INFO_DTL (MAP_DTL, MAP_ID, FR_COL, TO_COL) VALUES (1032, 102, 'MIN(e.HIRE_DATE)', 'FIRST_HIRE_DATE');
INSERT INTO NEXT_MIG_INFO_DTL (MAP_DTL, MAP_ID, FR_COL, TO_COL) VALUES (1033, 102, 'MAX(e.HIRE_DATE)', 'LAST_HIRE_DATE');
INSERT INTO NEXT_MIG_INFO_DTL (MAP_DTL, MAP_ID, FR_COL, TO_COL) VALUES (1034, 102, 'SUM(CASE WHEN e.SALARY >= 12000 THEN 1 ELSE 0 END)', 'HIGH_SALARY_COUNT');
INSERT INTO NEXT_MIG_INFO_DTL (MAP_DTL, MAP_ID, FR_COL, TO_COL) VALUES (1035, 102, 'SUM(CASE WHEN e.SALARY < 7000 THEN 1 ELSE 0 END)', 'LOW_SALARY_COUNT');
INSERT INTO NEXT_MIG_INFO_DTL (MAP_DTL, MAP_ID, FR_COL, TO_COL) VALUES (1036, 102, 'CASE WHEN COUNT(e.EMPLOYEE_ID) = 0 THEN ''EMPTY'' WHEN COUNT(e.EMPLOYEE_ID) >= 10 THEN ''LARGE'' WHEN COUNT(e.EMPLOYEE_ID) >= 5 THEN ''MEDIUM'' ELSE ''SMALL'' END', 'DEPT_SIZE_BAND');
INSERT INTO NEXT_MIG_INFO_DTL (MAP_DTL, MAP_ID, FR_COL, TO_COL) VALUES (1037, 102, 'CASE WHEN AVG(e.SALARY) IS NULL THEN ''N/A'' WHEN AVG(e.SALARY) >= 12000 THEN ''HIGH_PAY'' WHEN AVG(e.SALARY) >= 7000 THEN ''MID_PAY'' ELSE ''LOW_PAY'' END', 'DEPT_PAY_BAND');
INSERT INTO NEXT_MIG_INFO_DTL (MAP_DTL, MAP_ID, FR_COL, TO_COL) VALUES (1038, 102, 'CASE WHEN COUNT(DISTINCT e.JOB_ID) >= 4 THEN ''DIVERSE'' WHEN COUNT(DISTINCT e.JOB_ID) >= 2 THEN ''BALANCED'' ELSE ''NARROW'' END', 'JOB_DIVERSITY_BAND');
INSERT INTO NEXT_MIG_INFO_DTL (MAP_DTL, MAP_ID, FR_COL, TO_COL) VALUES (1039, 103, 'e.EMPLOYEE_ID / jh.EMPLOYEE_ID', 'EMPLOYEE_ID');
INSERT INTO NEXT_MIG_INFO_DTL (MAP_DTL, MAP_ID, FR_COL, TO_COL) VALUES (1040, 103, '''CURRENT'' / ''HISTORY''', 'EVENT_SOURCE');
INSERT INTO NEXT_MIG_INFO_DTL (MAP_DTL, MAP_ID, FR_COL, TO_COL) VALUES (1041, 103, 'e.HIRE_DATE / jh.START_DATE', 'EVENT_DATE');
INSERT INTO NEXT_MIG_INFO_DTL (MAP_DTL, MAP_ID, FR_COL, TO_COL) VALUES (1042, 103, 'CAST(NULL AS DATE) / jh.END_DATE', 'EVENT_END_DATE');
INSERT INTO NEXT_MIG_INFO_DTL (MAP_DTL, MAP_ID, FR_COL, TO_COL) VALUES (1043, 103, 'e.JOB_ID / jh.JOB_ID', 'JOB_ID');
INSERT INTO NEXT_MIG_INFO_DTL (MAP_DTL, MAP_ID, FR_COL, TO_COL) VALUES (1044, 103, 'e.DEPARTMENT_ID / jh.DEPARTMENT_ID', 'DEPARTMENT_ID');
INSERT INTO NEXT_MIG_INFO_DTL (MAP_DTL, MAP_ID, FR_COL, TO_COL) VALUES (1045, 103, 'e.SALARY / CAST(NULL AS NUMBER)', 'CURRENT_SALARY');
INSERT INTO NEXT_MIG_INFO_DTL (MAP_DTL, MAP_ID, FR_COL, TO_COL) VALUES (1046, 103, 'CAST(NULL AS NUMBER) / TRUNC(NVL(jh.END_DATE, SYSDATE) - jh.START_DATE)', 'HISTORY_GAP_DAYS');
INSERT INTO NEXT_MIG_INFO_DTL (MAP_DTL, MAP_ID, FR_COL, TO_COL) VALUES (1047, 103, '''CURRENT_SNAPSHOT'' / ''JOB_HISTORY''', 'EVENT_TYPE');
INSERT INTO NEXT_MIG_INFO_DTL (MAP_DTL, MAP_ID, FR_COL, TO_COL) VALUES (1048, 103, 'CASE WHEN s.EVENT_END_DATE IS NULL THEN ''OPEN'' ELSE ''CLOSED'' END', 'EVENT_STATUS');
INSERT INTO NEXT_MIG_INFO_DTL (MAP_DTL, MAP_ID, FR_COL, TO_COL) VALUES (1049, 103, 'ROW_NUMBER() OVER (PARTITION BY s.EMPLOYEE_ID ORDER BY s.EVENT_DATE, s.EVENT_SOURCE)', 'EMP_EVENT_SEQ');
INSERT INTO NEXT_MIG_INFO_DTL (MAP_DTL, MAP_ID, FR_COL, TO_COL) VALUES (1050, 103, 'LAG(s.JOB_ID) OVER (PARTITION BY s.EMPLOYEE_ID ORDER BY s.EVENT_DATE, s.EVENT_SOURCE)', 'PREV_JOB_ID');
INSERT INTO NEXT_MIG_INFO_DTL (MAP_DTL, MAP_ID, FR_COL, TO_COL) VALUES (1051, 103, 'LAG(s.DEPARTMENT_ID) OVER (PARTITION BY s.EMPLOYEE_ID ORDER BY s.EVENT_DATE, s.EVENT_SOURCE)', 'PREV_DEPARTMENT_ID');
INSERT INTO NEXT_MIG_INFO_DTL (MAP_DTL, MAP_ID, FR_COL, TO_COL) VALUES (1052, 104, 'e.EMPLOYEE_ID / jh.EMPLOYEE_ID', 'EMPLOYEE_ID');
INSERT INTO NEXT_MIG_INFO_DTL (MAP_DTL, MAP_ID, FR_COL, TO_COL) VALUES (1053, 104, 'e.HIRE_DATE / jh.START_DATE', 'EVENT_DATE');
INSERT INTO NEXT_MIG_INFO_DTL (MAP_DTL, MAP_ID, FR_COL, TO_COL) VALUES (1054, 104, 'CAST(NULL AS DATE) / jh.END_DATE', 'EVENT_END_DATE');
INSERT INTO NEXT_MIG_INFO_DTL (MAP_DTL, MAP_ID, FR_COL, TO_COL) VALUES (1055, 104, 'CAST(NULL AS VARCHAR2(100)) / CAST(NULL AS VARCHAR2(100))', 'DD');
INSERT INTO NEXT_MIG_INFO_DTL (MAP_DTL, MAP_ID, FR_COL, TO_COL) VALUES (1056, 104, 'CAST(NULL AS VARCHAR2(50)) / CAST(NULL AS VARCHAR2(50))', 'EE_SIGNAL');
INSERT INTO NEXT_MIG_INFO_DTL (MAP_DTL, MAP_ID, FR_COL, TO_COL) VALUES (1057, 104, '''EMPLOYEES'' / ''JOB_HISTORY''', 'SOURCE_TAG');
INSERT INTO NEXT_MIG_INFO_DTL (MAP_DTL, MAP_ID, FR_COL, TO_COL) VALUES (1058, 104, 'e.SALARY / CAST(NULL AS NUMBER)', 'CURRENT_SALARY');
INSERT INTO NEXT_MIG_INFO_DTL (MAP_DTL, MAP_ID, FR_COL, TO_COL) VALUES (1059, 104, 'CAST(NULL AS NUMBER) / TRUNC(NVL(jh.END_DATE, SYSDATE) - jh.START_DATE)', 'HISTORY_GAP_DAYS');
INSERT INTO NEXT_MIG_INFO_DTL (MAP_DTL, MAP_ID, FR_COL, TO_COL) VALUES (1060, 104, 'e.JOB_ID / jh.JOB_ID', 'JOB_ID');
INSERT INTO NEXT_MIG_INFO_DTL (MAP_DTL, MAP_ID, FR_COL, TO_COL) VALUES (1061, 104, 'e.DEPARTMENT_ID / jh.DEPARTMENT_ID', 'DEPARTMENT_ID');
INSERT INTO NEXT_MIG_INFO_DTL (MAP_DTL, MAP_ID, FR_COL, TO_COL) VALUES (1062, 104, 'CASE WHEN u.SOURCE_TAG = ''EMPLOYEES'' THEN ''CURRENT_TRACK'' ELSE ''HISTORY_TRACK'' END', 'TRACK_TYPE');
INSERT INTO NEXT_MIG_INFO_DTL (MAP_DTL, MAP_ID, FR_COL, TO_COL) VALUES (1063, 104, 'ROW_NUMBER() OVER (PARTITION BY u.EMPLOYEE_ID, u.SOURCE_TAG ORDER BY u.EVENT_DATE)', 'TRACK_SEQ');
INSERT INTO NEXT_MIG_INFO_DTL (MAP_DTL, MAP_ID, FR_COL, TO_COL) VALUES (1064, 105, 'TO_CHAR(s.EMPLOYEE_ID)', 'EMPLOYEE_ID_TXT');
INSERT INTO NEXT_MIG_INFO_DTL (MAP_DTL, MAP_ID, FR_COL, TO_COL) VALUES (1065, 105, 'TO_CHAR(s.HIRE_DATE, ''YYYYMMDD'')', 'HIRE_DATE_YYYYMMDD');
INSERT INTO NEXT_MIG_INFO_DTL (MAP_DTL, MAP_ID, FR_COL, TO_COL) VALUES (1066, 105, 'TO_CHAR(s.SALARY, ''FM9999990D00'', ''NLS_NUMERIC_CHARACTERS=.,'')', 'SALARY_TXT');
INSERT INTO NEXT_MIG_INFO_DTL (MAP_DTL, MAP_ID, FR_COL, TO_COL) VALUES (1067, 105, 'TO_NUMBER(TO_CHAR(s.SALARY, ''FM9999990D00'', ''NLS_NUMERIC_CHARACTERS=.,''), ''9999990D00'', ''NLS_NUMERIC_CHARACTERS=.,'')', 'SALARY_NUM');
INSERT INTO NEXT_MIG_INFO_DTL (MAP_DTL, MAP_ID, FR_COL, TO_COL) VALUES (1068, 105, 'NVL(TO_CHAR(s.COMMISSION_PCT, ''FM0D99'', ''NLS_NUMERIC_CHARACTERS=.,''), ''0.00'')', 'COMMISSION_TXT');
INSERT INTO NEXT_MIG_INFO_DTL (MAP_DTL, MAP_ID, FR_COL, TO_COL) VALUES (1069, 105, 'TO_CHAR(s.DEPARTMENT_ID)', 'DEPARTMENT_ID_TXT');
INSERT INTO NEXT_MIG_INFO_DTL (MAP_DTL, MAP_ID, FR_COL, TO_COL) VALUES (1070, 105, 'TO_CHAR(s.JOB_ID)', 'JOB_ID_TXT');
INSERT INTO NEXT_MIG_INFO_DTL (MAP_DTL, MAP_ID, FR_COL, TO_COL) VALUES (1071, 105, 'TO_CHAR(s.MIN_SALARY)', 'MIN_SALARY_TXT');
INSERT INTO NEXT_MIG_INFO_DTL (MAP_DTL, MAP_ID, FR_COL, TO_COL) VALUES (1072, 105, 'TO_CHAR(s.MAX_SALARY)', 'MAX_SALARY_TXT');
INSERT INTO NEXT_MIG_INFO_DTL (MAP_DTL, MAP_ID, FR_COL, TO_COL) VALUES (1073, 105, 'CAST(s.MIN_SALARY AS NUMBER(12,2))', 'MIN_SALARY_DECIMAL');
INSERT INTO NEXT_MIG_INFO_DTL (MAP_DTL, MAP_ID, FR_COL, TO_COL) VALUES (1074, 105, 'CAST(s.MAX_SALARY AS NUMBER(12,2))', 'MAX_SALARY_DECIMAL');
INSERT INTO NEXT_MIG_INFO_DTL (MAP_DTL, MAP_ID, FR_COL, TO_COL) VALUES (1075, 105, 'TO_DATE(TO_CHAR(s.HIRE_DATE, ''YYYYMMDD''), ''YYYYMMDD'')', 'HIRE_DATE_ROUNDTRIP');
INSERT INTO NEXT_MIG_INFO_DTL (MAP_DTL, MAP_ID, FR_COL, TO_COL) VALUES (1076, 105, 'TO_CHAR(ORA_HASH(TO_CHAR(s.EMPLOYEE_ID) || '':'' || TO_CHAR(s.HIRE_DATE, ''YYYYMMDD'') || '':'' || TO_CHAR(s.JOB_ID)))', 'EMP_HASH_KEY');
INSERT INTO NEXT_MIG_INFO_DTL (MAP_DTL, MAP_ID, FR_COL, TO_COL) VALUES (1077, 105, 'CASE WHEN c.SALARY_NUM IS NULL THEN ''NUM_CAST_FAIL'' WHEN c.HIRE_DATE_ROUNDTRIP IS NULL THEN ''DATE_CAST_FAIL'' ELSE ''OK'' END', 'CAST_QUALITY_STATUS');
INSERT INTO NEXT_MIG_INFO_DTL (MAP_DTL, MAP_ID, FR_COL, TO_COL) VALUES (1078, 105, 'CASE WHEN c.MIN_SALARY_DECIMAL IS NULL OR c.MAX_SALARY_DECIMAL IS NULL THEN ''JOB_RANGE_MISSING'' WHEN c.MIN_SALARY_DECIMAL > c.MAX_SALARY_DECIMAL THEN ''JOB_RANGE_INVALID'' ELSE ''JOB_RANGE_OK'' END', 'JOB_RANGE_CHECK');
INSERT INTO NEXT_MIG_INFO_DTL (MAP_DTL, MAP_ID, FR_COL, TO_COL) VALUES (1079, 106, 'TO_CHAR(a.DEPARTMENT_ID)', 'DEPARTMENT_ID_TXT');
INSERT INTO NEXT_MIG_INFO_DTL (MAP_DTL, MAP_ID, FR_COL, TO_COL) VALUES (1080, 106, 'LPAD(TO_CHAR(a.DEPARTMENT_ID), 6, ''0'')', 'DEPARTMENT_ID_LPAD');
INSERT INTO NEXT_MIG_INFO_DTL (MAP_DTL, MAP_ID, FR_COL, TO_COL) VALUES (1081, 106, 'a.DEPARTMENT_NAME', 'DEPARTMENT_NAME');
INSERT INTO NEXT_MIG_INFO_DTL (MAP_DTL, MAP_ID, FR_COL, TO_COL) VALUES (1082, 106, 'TO_CHAR(a.EMP_COUNT)', 'EMP_COUNT_TXT');
INSERT INTO NEXT_MIG_INFO_DTL (MAP_DTL, MAP_ID, FR_COL, TO_COL) VALUES (1083, 106, 'CAST(a.EMP_COUNT AS NUMBER(10,0))', 'EMP_COUNT_NUM');
INSERT INTO NEXT_MIG_INFO_DTL (MAP_DTL, MAP_ID, FR_COL, TO_COL) VALUES (1084, 106, 'TO_CHAR(a.TOTAL_SALARY, ''FM9999999990D00'', ''NLS_NUMERIC_CHARACTERS=.,'')', 'TOTAL_SALARY_TXT');
INSERT INTO NEXT_MIG_INFO_DTL (MAP_DTL, MAP_ID, FR_COL, TO_COL) VALUES (1085, 106, 'TO_CHAR(a.AVG_SALARY, ''FM9999990D00'', ''NLS_NUMERIC_CHARACTERS=.,'')', 'AVG_SALARY_TXT');
INSERT INTO NEXT_MIG_INFO_DTL (MAP_DTL, MAP_ID, FR_COL, TO_COL) VALUES (1086, 106, 'TO_CHAR(a.MIN_SALARY, ''FM9999990D00'', ''NLS_NUMERIC_CHARACTERS=.,'')', 'MIN_SALARY_TXT');
INSERT INTO NEXT_MIG_INFO_DTL (MAP_DTL, MAP_ID, FR_COL, TO_COL) VALUES (1087, 106, 'TO_CHAR(a.MAX_SALARY, ''FM9999990D00'', ''NLS_NUMERIC_CHARACTERS=.,'')', 'MAX_SALARY_TXT');
INSERT INTO NEXT_MIG_INFO_DTL (MAP_DTL, MAP_ID, FR_COL, TO_COL) VALUES (1088, 106, 'CAST(a.AVG_SALARY AS NUMBER(12,2))', 'AVG_SALARY_NUM');
INSERT INTO NEXT_MIG_INFO_DTL (MAP_DTL, MAP_ID, FR_COL, TO_COL) VALUES (1089, 106, 'TO_CHAR(SYSDATE, ''YYYYMMDD'')', 'SNAP_DATE_YYYYMMDD');
INSERT INTO NEXT_MIG_INFO_DTL (MAP_DTL, MAP_ID, FR_COL, TO_COL) VALUES (1090, 106, 'TO_DATE(TO_CHAR(SYSDATE, ''YYYYMMDD''), ''YYYYMMDD'')', 'SNAP_DATE');
INSERT INTO NEXT_MIG_INFO_DTL (MAP_DTL, MAP_ID, FR_COL, TO_COL) VALUES (1091, 106, 'TO_CHAR(ORA_HASH(TO_CHAR(a.DEPARTMENT_ID) || '':'' || TO_CHAR(a.EMP_COUNT) || '':'' || TO_CHAR(NVL(a.TOTAL_SALARY,0))))', 'DEPT_HASH_KEY');
INSERT INTO NEXT_MIG_INFO_DTL (MAP_DTL, MAP_ID, FR_COL, TO_COL) VALUES (1092, 106, 'CASE WHEN c.EMP_COUNT_NUM = 0 THEN ''EMPTY'' WHEN c.EMP_COUNT_NUM >= 10 THEN ''LARGE'' WHEN c.EMP_COUNT_NUM >= 5 THEN ''MEDIUM'' ELSE ''SMALL'' END', 'DEPT_SIZE_BAND');
INSERT INTO NEXT_MIG_INFO_DTL (MAP_DTL, MAP_ID, FR_COL, TO_COL) VALUES (1093, 106, 'CASE WHEN c.AVG_SALARY_NUM IS NULL THEN ''N/A'' WHEN c.AVG_SALARY_NUM >= 12000 THEN ''HIGH_PAY'' WHEN c.AVG_SALARY_NUM >= 7000 THEN ''MID_PAY'' ELSE ''LOW_PAY'' END', 'DEPT_PAY_BAND');
COMMIT;

-- ============================================================
-- 4. INSERT NEXT_MIG_LOG (실행 이력)
-- ============================================================

INSERT INTO NEXT_MIG_LOG (LOG_ID, MAP_ID, MIG_KIND, LOG_TYPE, LOG_LEVEL, STEP_NAME, STATUS, MESSAGE, RETRY_COUNT, CREATED_AT) VALUES (9, 1, 'DB_MIG', 'INFO', 'INFO', 'VERIFY', 'PASS', 'Migration Success', 1, TO_TIMESTAMP('2026-04-14 18:39:08.783000', 'YYYY-MM-DD HH24:MI:SS.FF6'));
INSERT INTO NEXT_MIG_LOG (LOG_ID, MAP_ID, MIG_KIND, LOG_TYPE, LOG_LEVEL, STEP_NAME, STATUS, MESSAGE, RETRY_COUNT, CREATED_AT) VALUES (11, 3, 'DB_MIG', 'INFO', 'INFO', 'VERIFY', 'PASS', 'Migration Success', 2, TO_TIMESTAMP('2026-04-14 18:39:16.766000', 'YYYY-MM-DD HH24:MI:SS.FF6'));
INSERT INTO NEXT_MIG_LOG (LOG_ID, MAP_ID, MIG_KIND, LOG_TYPE, LOG_LEVEL, STEP_NAME, STATUS, MESSAGE, RETRY_COUNT, CREATED_AT) VALUES (12, 1, 'DB_MIG', 'INFO', 'INFO', 'VERIFY', 'PASS', 'Migration Success', 1, TO_TIMESTAMP('2026-04-14 19:03:55.461000', 'YYYY-MM-DD HH24:MI:SS.FF6'));
INSERT INTO NEXT_MIG_LOG (LOG_ID, MAP_ID, MIG_KIND, LOG_TYPE, LOG_LEVEL, STEP_NAME, STATUS, MESSAGE, RETRY_COUNT, CREATED_AT) VALUES (14, 3, 'DB_MIG', 'INFO', 'INFO', 'VERIFY', 'PASS', 'Migration Success', 2, TO_TIMESTAMP('2026-04-14 19:04:06.029000', 'YYYY-MM-DD HH24:MI:SS.FF6'));
INSERT INTO NEXT_MIG_LOG (LOG_ID, MAP_ID, MIG_KIND, LOG_TYPE, LOG_LEVEL, STEP_NAME, STATUS, MESSAGE, RETRY_COUNT, CREATED_AT) VALUES (15, 1, 'DB_MIG', 'INFO', 'INFO', 'VERIFY', 'PASS', 'Migration Success', 1, TO_TIMESTAMP('2026-04-14 19:04:54.118000', 'YYYY-MM-DD HH24:MI:SS.FF6'));
INSERT INTO NEXT_MIG_LOG (LOG_ID, MAP_ID, MIG_KIND, LOG_TYPE, LOG_LEVEL, STEP_NAME, STATUS, MESSAGE, RETRY_COUNT, CREATED_AT) VALUES (20, 1, 'DB_MIG', 'INFO', 'INFO', 'VERIFY', 'PASS', 'Migration Success', 1, TO_TIMESTAMP('2026-04-14 19:05:46.168000', 'YYYY-MM-DD HH24:MI:SS.FF6'));
INSERT INTO NEXT_MIG_LOG (LOG_ID, MAP_ID, MIG_KIND, LOG_TYPE, LOG_LEVEL, STEP_NAME, STATUS, MESSAGE, RETRY_COUNT, CREATED_AT) VALUES (21, 1, 'DB_MIG', 'INFO', 'INFO', 'VERIFY', 'PASS', 'Migration Success', 2, TO_TIMESTAMP('2026-04-14 19:05:47.905000', 'YYYY-MM-DD HH24:MI:SS.FF6'));
INSERT INTO NEXT_MIG_LOG (LOG_ID, MAP_ID, MIG_KIND, LOG_TYPE, LOG_LEVEL, STEP_NAME, STATUS, MESSAGE, RETRY_COUNT, CREATED_AT) VALUES (22, 3, 'DB_MIG', 'INFO', 'INFO', 'VERIFY', 'PASS', 'Migration Success', 1, TO_TIMESTAMP('2026-04-14 19:05:51.345000', 'YYYY-MM-DD HH24:MI:SS.FF6'));
INSERT INTO NEXT_MIG_LOG (LOG_ID, MAP_ID, MIG_KIND, LOG_TYPE, LOG_LEVEL, STEP_NAME, STATUS, MESSAGE, RETRY_COUNT, CREATED_AT) VALUES (39, 1, 'DB_MIG', 'INFO', 'INFO', 'VERIFY', 'PASS', 'Migration Success', 1, TO_TIMESTAMP('2026-04-15 10:00:47.721000', 'YYYY-MM-DD HH24:MI:SS.FF6'));
INSERT INTO NEXT_MIG_LOG (LOG_ID, MAP_ID, MIG_KIND, LOG_TYPE, LOG_LEVEL, STEP_NAME, STATUS, MESSAGE, RETRY_COUNT, CREATED_AT) VALUES (40, 3, 'DB_MIG', 'INFO', 'INFO', 'VERIFY', 'PASS', 'Migration Success', 1, TO_TIMESTAMP('2026-04-15 10:00:52.956000', 'YYYY-MM-DD HH24:MI:SS.FF6'));
INSERT INTO NEXT_MIG_LOG (LOG_ID, MAP_ID, MIG_KIND, LOG_TYPE, LOG_LEVEL, STEP_NAME, STATUS, MESSAGE, RETRY_COUNT, CREATED_AT) VALUES (57, 101, 'DB_MIG', 'ROW_ERROR', 'WARN', 'SQL_EXEC', 'FAIL', 'Oracle 쿼리 실행 에러: ORA-00904: "JB"."JOB_TITLE": invalid identifier', 1, TO_TIMESTAMP('2026-04-15 10:50:47.881000', 'YYYY-MM-DD HH24:MI:SS.FF6'));
INSERT INTO NEXT_MIG_LOG (LOG_ID, MAP_ID, MIG_KIND, LOG_TYPE, LOG_LEVEL, STEP_NAME, STATUS, MESSAGE, RETRY_COUNT, CREATED_AT) VALUES (61, 102, 'DB_MIG', 'ROW_ERROR', 'WARN', 'SQL_EXEC', 'FAIL', 'Oracle 쿼리 실행 에러: ORA-00904: : invalid identifier', 1, TO_TIMESTAMP('2026-04-15 10:51:29.845000', 'YYYY-MM-DD HH24:MI:SS.FF6'));
INSERT INTO NEXT_MIG_LOG (LOG_ID, MAP_ID, MIG_KIND, LOG_TYPE, LOG_LEVEL, STEP_NAME, STATUS, MESSAGE, RETRY_COUNT, CREATED_AT) VALUES (62, 102, 'DB_MIG', 'ROW_ERROR', 'WARN', 'SQL_EXEC', 'FAIL', 'Oracle 쿼리 실행 에러: ORA-00904: "D"."DEPT_MANAGER_ID": invalid identifier', 2, TO_TIMESTAMP('2026-04-15 10:51:39.893000', 'YYYY-MM-DD HH24:MI:SS.FF6'));
INSERT INTO NEXT_MIG_LOG (LOG_ID, MAP_ID, MIG_KIND, LOG_TYPE, LOG_LEVEL, STEP_NAME, STATUS, MESSAGE, RETRY_COUNT, CREATED_AT) VALUES (63, 102, 'DB_MIG', 'ROW_ERROR', 'WARN', 'SQL_EXEC', 'FAIL', 'Oracle 쿼리 실행 에러: ORA-00904: "D"."DEPT_MANAGER_ID": invalid identifier', 3, TO_TIMESTAMP('2026-04-15 10:52:16.017000', 'YYYY-MM-DD HH24:MI:SS.FF6'));
INSERT INTO NEXT_MIG_LOG (LOG_ID, MAP_ID, MIG_KIND, LOG_TYPE, LOG_LEVEL, STEP_NAME, STATUS, MESSAGE, RETRY_COUNT, CREATED_AT) VALUES (64, 102, 'DB_MIG', 'JOB_FAIL', 'ERROR', 'SQL_EXEC', 'FAIL', 'Max Attempts Reached', 3, TO_TIMESTAMP('2026-04-15 10:52:16.486000', 'YYYY-MM-DD HH24:MI:SS.FF6'));
INSERT INTO NEXT_MIG_LOG (LOG_ID, MAP_ID, MIG_KIND, LOG_TYPE, LOG_LEVEL, STEP_NAME, STATUS, MESSAGE, RETRY_COUNT, CREATED_AT) VALUES (65, 103, 'DB_MIG', 'INFO', 'INFO', 'VERIFY', 'PASS', 'Migration Success', 1, TO_TIMESTAMP('2026-04-15 10:52:41.707000', 'YYYY-MM-DD HH24:MI:SS.FF6'));
INSERT INTO NEXT_MIG_LOG (LOG_ID, MAP_ID, MIG_KIND, LOG_TYPE, LOG_LEVEL, STEP_NAME, STATUS, MESSAGE, RETRY_COUNT, CREATED_AT) VALUES (66, 104, 'DB_MIG', 'ROW_ERROR', 'WARN', 'SQL_EXEC', 'FAIL', 'Oracle 쿼리 실행 에러: ORA-00904: : invalid identifier', 1, TO_TIMESTAMP('2026-04-15 10:52:50.904000', 'YYYY-MM-DD HH24:MI:SS.FF6'));
INSERT INTO NEXT_MIG_LOG (LOG_ID, MAP_ID, MIG_KIND, LOG_TYPE, LOG_LEVEL, STEP_NAME, STATUS, MESSAGE, RETRY_COUNT, CREATED_AT) VALUES (67, 104, 'DB_MIG', 'ROW_ERROR', 'WARN', 'SQL_EXEC', 'FAIL', 'Oracle 쿼리 실행 에러: ORA-00904: "E"."EE": invalid identifier', 2, TO_TIMESTAMP('2026-04-15 10:53:01.155000', 'YYYY-MM-DD HH24:MI:SS.FF6'));
INSERT INTO NEXT_MIG_LOG (LOG_ID, MAP_ID, MIG_KIND, LOG_TYPE, LOG_LEVEL, STEP_NAME, STATUS, MESSAGE, RETRY_COUNT, CREATED_AT) VALUES (68, 104, 'DB_MIG', 'ROW_ERROR', 'WARN', 'SQL_EXEC', 'FAIL', 'Oracle 쿼리 실행 에러: ORA-00904: "E"."EE": invalid identifier', 3, TO_TIMESTAMP('2026-04-15 10:53:18.369000', 'YYYY-MM-DD HH24:MI:SS.FF6'));
INSERT INTO NEXT_MIG_LOG (LOG_ID, MAP_ID, MIG_KIND, LOG_TYPE, LOG_LEVEL, STEP_NAME, STATUS, MESSAGE, RETRY_COUNT, CREATED_AT) VALUES (69, 104, 'DB_MIG', 'JOB_FAIL', 'ERROR', 'SQL_EXEC', 'FAIL', 'Max Attempts Reached', 3, TO_TIMESTAMP('2026-04-15 10:53:19.050000', 'YYYY-MM-DD HH24:MI:SS.FF6'));
INSERT INTO NEXT_MIG_LOG (LOG_ID, MAP_ID, MIG_KIND, LOG_TYPE, LOG_LEVEL, STEP_NAME, STATUS, MESSAGE, RETRY_COUNT, CREATED_AT) VALUES (70, 101, 'DB_MIG', 'ROW_ERROR', 'WARN', 'SQL_EXEC', 'FAIL', 'Oracle 쿼리 실행 에러: ORA-00904: : invalid identifier', 1, TO_TIMESTAMP('2026-04-15 11:30:28.180000', 'YYYY-MM-DD HH24:MI:SS.FF6'));
INSERT INTO NEXT_MIG_LOG (LOG_ID, MAP_ID, MIG_KIND, LOG_TYPE, LOG_LEVEL, STEP_NAME, STATUS, MESSAGE, RETRY_COUNT, CREATED_AT) VALUES (71, 101, 'DB_MIG', 'ROW_ERROR', 'WARN', 'SQL_EXEC', 'FAIL', 'Oracle 쿼리 실행 에러: ORA-00904: "D"."DEPT_MANAGER_ID": invalid identifier', 2, TO_TIMESTAMP('2026-04-15 11:30:34.845000', 'YYYY-MM-DD HH24:MI:SS.FF6'));
INSERT INTO NEXT_MIG_LOG (LOG_ID, MAP_ID, MIG_KIND, LOG_TYPE, LOG_LEVEL, STEP_NAME, STATUS, MESSAGE, RETRY_COUNT, CREATED_AT) VALUES (72, 101, 'DB_MIG', 'INFO', 'INFO', 'VERIFY', 'PASS', 'Migration Success', 3, TO_TIMESTAMP('2026-04-15 11:30:44.275000', 'YYYY-MM-DD HH24:MI:SS.FF6'));
INSERT INTO NEXT_MIG_LOG (LOG_ID, MAP_ID, MIG_KIND, LOG_TYPE, LOG_LEVEL, STEP_NAME, STATUS, MESSAGE, RETRY_COUNT, CREATED_AT) VALUES (73, 101, 'DB_MIG', 'ROW_ERROR', 'WARN', 'VERIFY', 'FAIL', '데이터 불일치: Mismatch found: (4,)', 1, TO_TIMESTAMP('2026-04-15 13:22:51.574000', 'YYYY-MM-DD HH24:MI:SS.FF6'));
INSERT INTO NEXT_MIG_LOG (LOG_ID, MAP_ID, MIG_KIND, LOG_TYPE, LOG_LEVEL, STEP_NAME, STATUS, MESSAGE, RETRY_COUNT, CREATED_AT) VALUES (74, 101, 'DB_MIG', 'INFO', 'INFO', 'VERIFY', 'PASS', 'Migration Success', 2, TO_TIMESTAMP('2026-04-15 13:22:59.422000', 'YYYY-MM-DD HH24:MI:SS.FF6'));
INSERT INTO NEXT_MIG_LOG (LOG_ID, MAP_ID, MIG_KIND, LOG_TYPE, LOG_LEVEL, STEP_NAME, STATUS, MESSAGE, RETRY_COUNT, CREATED_AT) VALUES (75, 102, 'DB_MIG', 'ROW_ERROR', 'WARN', 'VERIFY', 'FAIL', '데이터 불일치: Mismatch found: (8,)', 1, TO_TIMESTAMP('2026-04-15 13:23:07.434000', 'YYYY-MM-DD HH24:MI:SS.FF6'));
INSERT INTO NEXT_MIG_LOG (LOG_ID, MAP_ID, MIG_KIND, LOG_TYPE, LOG_LEVEL, STEP_NAME, STATUS, MESSAGE, RETRY_COUNT, CREATED_AT) VALUES (76, 102, 'DB_MIG', 'ROW_ERROR', 'WARN', 'SQL_EXEC', 'FAIL', 'Oracle 쿼리 실행 에러: ORA-00904: : invalid identifier', 1, TO_TIMESTAMP('2026-04-15 13:23:54.116000', 'YYYY-MM-DD HH24:MI:SS.FF6'));
INSERT INTO NEXT_MIG_LOG (LOG_ID, MAP_ID, MIG_KIND, LOG_TYPE, LOG_LEVEL, STEP_NAME, STATUS, MESSAGE, RETRY_COUNT, CREATED_AT) VALUES (77, 102, 'DB_MIG', 'ROW_ERROR', 'WARN', 'VERIFY', 'FAIL', '데이터 불일치: Mismatch found: (8,)', 2, TO_TIMESTAMP('2026-04-15 13:24:01.384000', 'YYYY-MM-DD HH24:MI:SS.FF6'));
INSERT INTO NEXT_MIG_LOG (LOG_ID, MAP_ID, MIG_KIND, LOG_TYPE, LOG_LEVEL, STEP_NAME, STATUS, MESSAGE, RETRY_COUNT, CREATED_AT) VALUES (78, 102, 'DB_MIG', 'ROW_ERROR', 'WARN', 'VERIFY', 'FAIL', '데이터 불일치: Mismatch found: (8,)', 3, TO_TIMESTAMP('2026-04-15 13:24:09.298000', 'YYYY-MM-DD HH24:MI:SS.FF6'));
INSERT INTO NEXT_MIG_LOG (LOG_ID, MAP_ID, MIG_KIND, LOG_TYPE, LOG_LEVEL, STEP_NAME, STATUS, MESSAGE, RETRY_COUNT, CREATED_AT) VALUES (79, 102, 'DB_MIG', 'JOB_FAIL', 'ERROR', 'VERIFY', 'FAIL', 'Max Attempts Reached', 3, TO_TIMESTAMP('2026-04-15 13:24:09.725000', 'YYYY-MM-DD HH24:MI:SS.FF6'));
INSERT INTO NEXT_MIG_LOG (LOG_ID, MAP_ID, MIG_KIND, LOG_TYPE, LOG_LEVEL, STEP_NAME, STATUS, MESSAGE, RETRY_COUNT, CREATED_AT) VALUES (80, 103, 'DB_MIG', 'INFO', 'INFO', 'VERIFY', 'PASS', 'Migration Success', 1, TO_TIMESTAMP('2026-04-15 13:24:37.850000', 'YYYY-MM-DD HH24:MI:SS.FF6'));
INSERT INTO NEXT_MIG_LOG (LOG_ID, MAP_ID, MIG_KIND, LOG_TYPE, LOG_LEVEL, STEP_NAME, STATUS, MESSAGE, RETRY_COUNT, CREATED_AT) VALUES (81, 104, 'DB_MIG', 'ROW_ERROR', 'WARN', 'VERIFY', 'FAIL', '데이터 불일치: Mismatch found: (1,)', 1, TO_TIMESTAMP('2026-04-15 13:24:46.467000', 'YYYY-MM-DD HH24:MI:SS.FF6'));
INSERT INTO NEXT_MIG_LOG (LOG_ID, MAP_ID, MIG_KIND, LOG_TYPE, LOG_LEVEL, STEP_NAME, STATUS, MESSAGE, RETRY_COUNT, CREATED_AT) VALUES (82, 104, 'DB_MIG', 'INFO', 'INFO', 'VERIFY', 'PASS', 'Migration Success', 2, TO_TIMESTAMP('2026-04-15 13:24:53.624000', 'YYYY-MM-DD HH24:MI:SS.FF6'));
INSERT INTO NEXT_MIG_LOG (LOG_ID, MAP_ID, MIG_KIND, LOG_TYPE, LOG_LEVEL, STEP_NAME, STATUS, MESSAGE, RETRY_COUNT, CREATED_AT) VALUES (83, 105, 'DB_MIG', 'ROW_ERROR', 'WARN', 'SQL_EXEC', 'FAIL', 'Oracle 쿼리 실행 에러: ORA-00904: "STANDARD_HASH": invalid identifier', 1, TO_TIMESTAMP('2026-04-15 13:25:01.789000', 'YYYY-MM-DD HH24:MI:SS.FF6'));
INSERT INTO NEXT_MIG_LOG (LOG_ID, MAP_ID, MIG_KIND, LOG_TYPE, LOG_LEVEL, STEP_NAME, STATUS, MESSAGE, RETRY_COUNT, CREATED_AT) VALUES (84, 105, 'DB_MIG', 'ROW_ERROR', 'WARN', 'SQL_EXEC', 'FAIL', 'Oracle 쿼리 실행 에러: ORA-00904: : invalid identifier', 2, TO_TIMESTAMP('2026-04-15 13:25:09.281000', 'YYYY-MM-DD HH24:MI:SS.FF6'));
INSERT INTO NEXT_MIG_LOG (LOG_ID, MAP_ID, MIG_KIND, LOG_TYPE, LOG_LEVEL, STEP_NAME, STATUS, MESSAGE, RETRY_COUNT, CREATED_AT) VALUES (85, 105, 'DB_MIG', 'ROW_ERROR', 'WARN', 'SQL_EXEC', 'FAIL', 'Oracle 쿼리 실행 에러: ORA-00904: "STANDARD_HASH": invalid identifier', 3, TO_TIMESTAMP('2026-04-15 13:25:24.607000', 'YYYY-MM-DD HH24:MI:SS.FF6'));
INSERT INTO NEXT_MIG_LOG (LOG_ID, MAP_ID, MIG_KIND, LOG_TYPE, LOG_LEVEL, STEP_NAME, STATUS, MESSAGE, RETRY_COUNT, CREATED_AT) VALUES (86, 105, 'DB_MIG', 'JOB_FAIL', 'ERROR', 'SQL_EXEC', 'FAIL', 'Max Attempts Reached', 3, TO_TIMESTAMP('2026-04-15 13:25:25.216000', 'YYYY-MM-DD HH24:MI:SS.FF6'));
INSERT INTO NEXT_MIG_LOG (LOG_ID, MAP_ID, MIG_KIND, LOG_TYPE, LOG_LEVEL, STEP_NAME, STATUS, MESSAGE, RETRY_COUNT, CREATED_AT) VALUES (87, 106, 'DB_MIG', 'ROW_ERROR', 'WARN', 'SQL_EXEC', 'FAIL', 'Oracle 쿼리 실행 에러: ORA-00904: : invalid identifier', 1, TO_TIMESTAMP('2026-04-15 13:25:33.412000', 'YYYY-MM-DD HH24:MI:SS.FF6'));
INSERT INTO NEXT_MIG_LOG (LOG_ID, MAP_ID, MIG_KIND, LOG_TYPE, LOG_LEVEL, STEP_NAME, STATUS, MESSAGE, RETRY_COUNT, CREATED_AT) VALUES (88, 106, 'DB_MIG', 'ROW_ERROR', 'WARN', 'SQL_EXEC', 'FAIL', 'Oracle 쿼리 실행 에러: ORA-00972: identifier is too long', 2, TO_TIMESTAMP('2026-04-15 13:27:49.221000', 'YYYY-MM-DD HH24:MI:SS.FF6'));
INSERT INTO NEXT_MIG_LOG (LOG_ID, MAP_ID, MIG_KIND, LOG_TYPE, LOG_LEVEL, STEP_NAME, STATUS, MESSAGE, RETRY_COUNT, CREATED_AT) VALUES (89, 106, 'DB_MIG', 'ROW_ERROR', 'WARN', 'SQL_EXEC', 'FAIL', 'Oracle 쿼리 실행 에러: ORA-00905: missing keyword', 3, TO_TIMESTAMP('2026-04-15 13:27:57.097000', 'YYYY-MM-DD HH24:MI:SS.FF6'));
INSERT INTO NEXT_MIG_LOG (LOG_ID, MAP_ID, MIG_KIND, LOG_TYPE, LOG_LEVEL, STEP_NAME, STATUS, MESSAGE, RETRY_COUNT, CREATED_AT) VALUES (90, 106, 'DB_MIG', 'JOB_FAIL', 'ERROR', 'SQL_EXEC', 'FAIL', 'Max Attempts Reached', 3, TO_TIMESTAMP('2026-04-15 13:27:57.576000', 'YYYY-MM-DD HH24:MI:SS.FF6'));
INSERT INTO NEXT_MIG_LOG (LOG_ID, MAP_ID, MIG_KIND, LOG_TYPE, LOG_LEVEL, STEP_NAME, STATUS, MESSAGE, RETRY_COUNT, CREATED_AT) VALUES (91, 102, 'DB_MIG', 'ROW_ERROR', 'WARN', 'VERIFY', 'FAIL', '데이터 불일치: Verification Query Error: ORA-00904: "SRC"."DEPT_MANAGER_ID": invalid identifier', 1, TO_TIMESTAMP('2026-04-15 13:43:12.800000', 'YYYY-MM-DD HH24:MI:SS.FF6'));
INSERT INTO NEXT_MIG_LOG (LOG_ID, MAP_ID, MIG_KIND, LOG_TYPE, LOG_LEVEL, STEP_NAME, STATUS, MESSAGE, RETRY_COUNT, CREATED_AT) VALUES (92, 102, 'DB_MIG', 'INFO', 'INFO', 'VERIFY', 'PASS', 'Migration Success', 2, TO_TIMESTAMP('2026-04-15 13:43:21.069000', 'YYYY-MM-DD HH24:MI:SS.FF6'));
INSERT INTO NEXT_MIG_LOG (LOG_ID, MAP_ID, MIG_KIND, LOG_TYPE, LOG_LEVEL, STEP_NAME, STATUS, MESSAGE, RETRY_COUNT, CREATED_AT) VALUES (93, 105, 'DB_MIG', 'ROW_ERROR', 'WARN', 'SQL_EXEC', 'FAIL', 'Oracle 쿼리 실행 에러: ORA-00920: invalid relational operator', 1, TO_TIMESTAMP('2026-04-15 13:43:27.830000', 'YYYY-MM-DD HH24:MI:SS.FF6'));
INSERT INTO NEXT_MIG_LOG (LOG_ID, MAP_ID, MIG_KIND, LOG_TYPE, LOG_LEVEL, STEP_NAME, STATUS, MESSAGE, RETRY_COUNT, CREATED_AT) VALUES (94, 105, 'DB_MIG', 'ROW_ERROR', 'WARN', 'SQL_EXEC', 'FAIL', 'Oracle 쿼리 실행 에러: ORA-00920: invalid relational operator', 2, TO_TIMESTAMP('2026-04-15 13:43:36.170000', 'YYYY-MM-DD HH24:MI:SS.FF6'));
INSERT INTO NEXT_MIG_LOG (LOG_ID, MAP_ID, MIG_KIND, LOG_TYPE, LOG_LEVEL, STEP_NAME, STATUS, MESSAGE, RETRY_COUNT, CREATED_AT) VALUES (95, 105, 'DB_MIG', 'ROW_ERROR', 'WARN', 'SQL_EXEC', 'FAIL', 'Oracle 쿼리 실행 에러: ORA-00909: invalid number of arguments', 3, TO_TIMESTAMP('2026-04-15 13:43:44.532000', 'YYYY-MM-DD HH24:MI:SS.FF6'));
INSERT INTO NEXT_MIG_LOG (LOG_ID, MAP_ID, MIG_KIND, LOG_TYPE, LOG_LEVEL, STEP_NAME, STATUS, MESSAGE, RETRY_COUNT, CREATED_AT) VALUES (96, 105, 'DB_MIG', 'JOB_FAIL', 'ERROR', 'SQL_EXEC', 'FAIL', 'Max Attempts Reached', 3, TO_TIMESTAMP('2026-04-15 13:43:45.137000', 'YYYY-MM-DD HH24:MI:SS.FF6'));
INSERT INTO NEXT_MIG_LOG (LOG_ID, MAP_ID, MIG_KIND, LOG_TYPE, LOG_LEVEL, STEP_NAME, STATUS, MESSAGE, RETRY_COUNT, CREATED_AT) VALUES (97, 106, 'DB_MIG', 'INFO', 'INFO', 'VERIFY', 'PASS', 'Migration Success', 1, TO_TIMESTAMP('2026-04-15 13:43:54.179000', 'YYYY-MM-DD HH24:MI:SS.FF6'));
INSERT INTO NEXT_MIG_LOG (LOG_ID, MAP_ID, MIG_KIND, LOG_TYPE, LOG_LEVEL, STEP_NAME, STATUS, MESSAGE, RETRY_COUNT, CREATED_AT) VALUES (98, 105, 'DB_MIG', 'ROW_ERROR', 'WARN', 'SQL_EXEC', 'FAIL', 'Oracle 쿼리 실행 에러: ORA-00904: "E"."MIN_SALARY": invalid identifier', 1, TO_TIMESTAMP('2026-04-15 13:45:00.082000', 'YYYY-MM-DD HH24:MI:SS.FF6'));
INSERT INTO NEXT_MIG_LOG (LOG_ID, MAP_ID, MIG_KIND, LOG_TYPE, LOG_LEVEL, STEP_NAME, STATUS, MESSAGE, RETRY_COUNT, CREATED_AT) VALUES (99, 105, 'DB_MIG', 'ROW_ERROR', 'WARN', 'SQL_EXEC', 'FAIL', 'Oracle 쿼리 실행 에러: ORA-00920: invalid relational operator', 1, TO_TIMESTAMP('2026-04-15 13:48:56.938000', 'YYYY-MM-DD HH24:MI:SS.FF6'));
INSERT INTO NEXT_MIG_LOG (LOG_ID, MAP_ID, MIG_KIND, LOG_TYPE, LOG_LEVEL, STEP_NAME, STATUS, MESSAGE, RETRY_COUNT, CREATED_AT) VALUES (100, 105, 'DB_MIG', 'ROW_ERROR', 'WARN', 'VERIFY', 'FAIL', '데이터 불일치: Verification Query Error: ORA-00904: "TGT"."EMPLOYEE_ID": invalid identifier', 2, TO_TIMESTAMP('2026-04-15 13:49:08.153000', 'YYYY-MM-DD HH24:MI:SS.FF6'));
INSERT INTO NEXT_MIG_LOG (LOG_ID, MAP_ID, MIG_KIND, LOG_TYPE, LOG_LEVEL, STEP_NAME, STATUS, MESSAGE, RETRY_COUNT, CREATED_AT) VALUES (101, 105, 'DB_MIG', 'ROW_ERROR', 'WARN', 'SQL_EXEC', 'FAIL', 'Oracle 쿼리 실행 에러: ORA-00904: "S"."HIRE_DATE": invalid identifier', 1, TO_TIMESTAMP('2026-04-15 13:58:30.378000', 'YYYY-MM-DD HH24:MI:SS.FF6'));
INSERT INTO NEXT_MIG_LOG (LOG_ID, MAP_ID, MIG_KIND, LOG_TYPE, LOG_LEVEL, STEP_NAME, STATUS, MESSAGE, RETRY_COUNT, CREATED_AT) VALUES (102, 105, 'DB_MIG', 'ROW_ERROR', 'WARN', 'SQL_EXEC', 'FAIL', 'Oracle 쿼리 실행 에러: ORA-00904: "S"."MIN_SALARY": invalid identifier', 2, TO_TIMESTAMP('2026-04-15 13:58:39.863000', 'YYYY-MM-DD HH24:MI:SS.FF6'));
INSERT INTO NEXT_MIG_LOG (LOG_ID, MAP_ID, MIG_KIND, LOG_TYPE, LOG_LEVEL, STEP_NAME, STATUS, MESSAGE, RETRY_COUNT, CREATED_AT) VALUES (103, 105, 'DB_MIG', 'INFO', 'INFO', 'VERIFY', 'PASS', 'Migration Success', 3, TO_TIMESTAMP('2026-04-15 13:58:48.932000', 'YYYY-MM-DD HH24:MI:SS.FF6'));
COMMIT;

-- ============================================================
-- 5. CREATE SEQUENCES
-- ============================================================

CREATE SEQUENCE MAPPING_RULES_SEQ
    START WITH  9
    INCREMENT BY 1
    MINVALUE    1
    MAXVALUE    9999999999999999999999999999
    NOCACHE NOCYCLE;
/

CREATE SEQUENCE MAPPING_RULE_DETAIL_SEQ
    START WITH  32
    INCREMENT BY 1
    MINVALUE    1
    MAXVALUE    9999999999999999999999999999
    NOCACHE NOCYCLE;
/

CREATE SEQUENCE MAP_DTL_SEQ
    START WITH  32
    INCREMENT BY 1
    MINVALUE    1
    MAXVALUE    9999999999999999999999999999
    NOCACHE NOCYCLE;
/

CREATE SEQUENCE MIGRATION_LOG_SEQ
    START WITH  104
    INCREMENT BY 1
    MINVALUE    1
    MAXVALUE    9999999999999999999999999999
    NOCACHE NOCYCLE;
/

-- ============================================================
-- 완료: NEXT_MIG_INFO(8건) | NEXT_MIG_INFO_DTL(103건) | NEXT_MIG_LOG(54건)
-- ============================================================