-- Migration Metadata Export
-- Generated on: 2026-04-14 20:35:11

-- Cleanup (if exists)
-- If these DROP commands fail with ORA-0942, you can ignore them.
DROP TABLE NEXT_SQL_INFO CASCADE CONSTRAINTS;
DROP TABLE NEXT_MIG_LOG CASCADE CONSTRAINTS;
DROP TABLE NEXT_MIG_INFO_DTL CASCADE CONSTRAINTS;
DROP TABLE NEXT_MIG_INFO CASCADE CONSTRAINTS;

-- Structure for Table NEXT_MIG_INFO
CREATE TABLE NEXT_MIG_INFO (
    MAP_ID NUMBER NOT NULL,
    MAP_TYPE VARCHAR2(20) ,
    FR_TABLE VARCHAR2(200) ,
    TO_TABLE VARCHAR2(200) ,
    USE_YN CHAR(1) ,
    TARGET_YN VARCHAR2(100) ,
    PRIORITY NUMBER ,
    MIG_SQL CLOB ,
    VERIFY_SQL CLOB ,
    STATUS VARCHAR2(20) ,
    BATCH_CNT NUMBER ,
    CORRECT_SQL CLOB ,
    USER_EDITED CHAR(1) ,
    UPD_TS TIMESTAMP ,
    ELAPSED_SECONDS NUMBER ,
    RETRY_COUNT NUMBER ,
    CREATED_AT TIMESTAMP ,
    DDL_SQL CLOB 
);

-- Data for Table NEXT_MIG_INFO
INSERT INTO NEXT_MIG_INFO (MAP_ID, MAP_TYPE, FR_TABLE, TO_TABLE, USE_YN, TARGET_YN, PRIORITY, MIG_SQL, VERIFY_SQL, STATUS, BATCH_CNT, CORRECT_SQL, USER_EDITED, UPD_TS, ELAPSED_SECONDS, RETRY_COUNT, CREATED_AT, DDL_SQL) VALUES (1, 'SIMPLE', 'HR.EMPLOYEES', 'TGT_EMP', 'Y', 'Y', 1, 'INSERT INTO TGT_EMP (EMAIL, EMP_ID, NAME, HIRE_DATE, JOB_ID, SALARY)
SELECT EMAIL, EMPLOYEE_ID, FIRST_NAME || '' '' || LAST_NAME, HIRE_DATE, JOB_ID, SALARY
FROM HR.EMPLOYEES;', 'SELECT ABS(NVL((SELECT COUNT(*) FROM HR.EMPLOYEES), 0) - NVL((SELECT COUNT(*) FROM TGT_EMP), 0)) + 
       ABS(NVL((SELECT COUNT(EMAIL) FROM HR.EMPLOYEES), 0) - NVL((SELECT COUNT(EMAIL) FROM TGT_EMP), 0)) + 
       ABS(NVL((SELECT COUNT(EMPLOYEE_ID) FROM HR.EMPLOYEES), 0) - NVL((SELECT COUNT(EMP_ID) FROM TGT_EMP), 0)) + 
       ABS(NVL((SELECT COUNT(FIRST_NAME || '' '' || LAST_NAME) FROM HR.EMPLOYEES), 0) - NVL((SELECT COUNT(NAME) FROM TGT_EMP), 0)) + 
       ABS(NVL((SELECT COUNT(HIRE_DATE) FROM HR.EMPLOYEES), 0) - NVL((SELECT COUNT(HIRE_DATE) FROM TGT_EMP), 0)) + 
       ABS(NVL((SELECT COUNT(JOB_ID) FROM HR.EMPLOYEES), 0) - NVL((SELECT COUNT(JOB_ID) FROM TGT_EMP), 0)) + 
       ABS(NVL((SELECT COUNT(SALARY) FROM HR.EMPLOYEES), 0) - NVL((SELECT COUNT(SALARY) FROM TGT_EMP), 0)) AS DIFF
FROM DUAL;', 'READY', 12, NULL, 'N', TO_TIMESTAMP('2026-04-14 19:54:44.669000', 'YYYY-MM-DD HH24:MI:SS.FF'), 7, 0, TO_TIMESTAMP('2026-04-14 10:41:47.183000', 'YYYY-MM-DD HH24:MI:SS.FF'), 'CREATE TABLE TGT_EMP (
    EMAIL      VARCHAR2(255),
    EMP_ID     NUMBER(6),
    NAME       VARCHAR2(255),
    HIRE_DATE  DATE,
    JOB_ID     VARCHAR2(20),
    SALARY     NUMBER(8, 2)
);');
INSERT INTO NEXT_MIG_INFO (MAP_ID, MAP_TYPE, FR_TABLE, TO_TABLE, USE_YN, TARGET_YN, PRIORITY, MIG_SQL, VERIFY_SQL, STATUS, BATCH_CNT, CORRECT_SQL, USER_EDITED, UPD_TS, ELAPSED_SECONDS, RETRY_COUNT, CREATED_AT, DDL_SQL) VALUES (3, 'COMPLEX', 'HR.EMPLOYEES E JOIN HR.JOBS J ON E.JOB_ID = J.JOB_ID', 'TGT_EMP_JOB', 'Y', 'Y', 3, 'INSERT INTO TGT_EMP_JOB (EMP_ID, EMP_NAME, SALARY, JOB_TITLE)
SELECT E.EMPLOYEE_ID, E.FIRST_NAME || '' '' || E.LAST_NAME, E.SALARY, J.JOB_TITLE
FROM HR.EMPLOYEES E
JOIN HR.JOBS J ON E.JOB_ID = J.JOB_ID;', 'SELECT (
    ABS((SELECT COUNT(*) FROM HR.EMPLOYEES) - (SELECT COUNT(*) FROM TGT_EMP_JOB))
) + (
    ABS((SELECT COUNT(E.EMPLOYEE_ID) FROM HR.EMPLOYEES E JOIN HR.JOBS J ON E.JOB_ID = J.JOB_ID) - (SELECT COUNT(EMP_ID) FROM TGT_EMP_JOB))
) + (
    ABS((SELECT COUNT(E.FIRST_NAME || '' '' || E.LAST_NAME) FROM HR.EMPLOYEES E JOIN HR.JOBS J ON E.JOB_ID = J.JOB_ID) - (SELECT COUNT(EMP_NAME) FROM TGT_EMP_JOB))
) + (
    ABS((SELECT COUNT(E.SALARY) FROM HR.EMPLOYEES E JOIN HR.JOBS J ON E.JOB_ID = J.JOB_ID) - (SELECT COUNT(SALARY) FROM TGT_EMP_JOB))
) + (
    ABS((SELECT COUNT(J.JOB_TITLE) FROM HR.EMPLOYEES E JOIN HR.JOBS J ON E.JOB_ID = J.JOB_ID) - (SELECT COUNT(JOB_TITLE) FROM TGT_EMP_JOB))
) AS DIFF
FROM DUAL;', 'READY', 6, NULL, 'N', TO_TIMESTAMP('2026-04-14 19:05:50.974000', 'YYYY-MM-DD HH24:MI:SS.FF'), 4, 0, TO_TIMESTAMP('2026-04-14 10:41:47.194000', 'YYYY-MM-DD HH24:MI:SS.FF'), 'CREATE TABLE TGT_EMP_JOB (
    EMP_ID    NUMBER PRIMARY KEY,
    EMP_NAME  VARCHAR2(100),
    SALARY    NUMBER(8, 2),
    JOB_TITLE VARCHAR2(100)
);');
COMMIT;

-- Structure for Table NEXT_MIG_INFO_DTL
CREATE TABLE NEXT_MIG_INFO_DTL (
    MAP_DTL NUMBER NOT NULL,
    MAP_ID NUMBER ,
    FR_COL VARCHAR2(200) ,
    TO_COL VARCHAR2(200) 
);

-- Data for Table NEXT_MIG_INFO_DTL
INSERT INTO NEXT_MIG_INFO_DTL (MAP_DTL, MAP_ID, FR_COL, TO_COL) VALUES (1, 1, 'EMPLOYEE_ID', 'EMP_ID');
INSERT INTO NEXT_MIG_INFO_DTL (MAP_DTL, MAP_ID, FR_COL, TO_COL) VALUES (2, 1, 'FIRST_NAME || '' '' || LAST_NAME', 'NAME');
INSERT INTO NEXT_MIG_INFO_DTL (MAP_DTL, MAP_ID, FR_COL, TO_COL) VALUES (3, 1, 'EMAIL', 'EMAIL');
INSERT INTO NEXT_MIG_INFO_DTL (MAP_DTL, MAP_ID, FR_COL, TO_COL) VALUES (4, 1, 'HIRE_DATE', 'HIRE_DATE');
INSERT INTO NEXT_MIG_INFO_DTL (MAP_DTL, MAP_ID, FR_COL, TO_COL) VALUES (5, 1, 'JOB_ID', 'JOB_ID');
INSERT INTO NEXT_MIG_INFO_DTL (MAP_DTL, MAP_ID, FR_COL, TO_COL) VALUES (6, 1, 'SALARY', 'SALARY');
INSERT INTO NEXT_MIG_INFO_DTL (MAP_DTL, MAP_ID, FR_COL, TO_COL) VALUES (10, 3, 'E.EMPLOYEE_ID', 'EMP_ID');
INSERT INTO NEXT_MIG_INFO_DTL (MAP_DTL, MAP_ID, FR_COL, TO_COL) VALUES (11, 3, 'E.FIRST_NAME || '' '' || E.LAST_NAME', 'EMP_NAME');
INSERT INTO NEXT_MIG_INFO_DTL (MAP_DTL, MAP_ID, FR_COL, TO_COL) VALUES (12, 3, 'J.JOB_TITLE', 'JOB_TITLE');
INSERT INTO NEXT_MIG_INFO_DTL (MAP_DTL, MAP_ID, FR_COL, TO_COL) VALUES (13, 3, 'E.SALARY', 'SALARY');
COMMIT;

-- Structure for Table NEXT_MIG_LOG
CREATE TABLE NEXT_MIG_LOG (
    LOG_ID NUMBER NOT NULL,
    MAP_ID NUMBER ,
    MIG_KIND VARCHAR2(20) ,
    LOG_TYPE VARCHAR2(20) ,
    LOG_LEVEL VARCHAR2(20) ,
    STEP_NAME VARCHAR2(50) ,
    STATUS VARCHAR2(20) ,
    MESSAGE VARCHAR2(4000) ,
    RETRY_COUNT NUMBER ,
    CREATED_AT TIMESTAMP 
);

-- Data for Table NEXT_MIG_LOG
INSERT INTO NEXT_MIG_LOG (LOG_ID, MAP_ID, MIG_KIND, LOG_TYPE, LOG_LEVEL, STEP_NAME, STATUS, MESSAGE, RETRY_COUNT, CREATED_AT) VALUES (1, 1, 'DB_MIG', 'ROW_ERROR', 'WARN', 'VERIFY', 'FAIL', '데이터 불일치: Verification Query Error: ORA-00933: SQL command not properly ended', 1, TO_TIMESTAMP('2026-04-14 18:29:12.674000', 'YYYY-MM-DD HH24:MI:SS.FF'));
INSERT INTO NEXT_MIG_LOG (LOG_ID, MAP_ID, MIG_KIND, LOG_TYPE, LOG_LEVEL, STEP_NAME, STATUS, MESSAGE, RETRY_COUNT, CREATED_AT) VALUES (2, 1, 'DB_MIG', 'ROW_ERROR', 'WARN', 'VERIFY', 'FAIL', '데이터 불일치: Verification Query Error: ORA-00911: invalid character', 2, TO_TIMESTAMP('2026-04-14 18:29:17.189000', 'YYYY-MM-DD HH24:MI:SS.FF'));
INSERT INTO NEXT_MIG_LOG (LOG_ID, MAP_ID, MIG_KIND, LOG_TYPE, LOG_LEVEL, STEP_NAME, STATUS, MESSAGE, RETRY_COUNT, CREATED_AT) VALUES (3, 1, 'DB_MIG', 'ROW_ERROR', 'WARN', 'VERIFY', 'FAIL', '데이터 불일치: Mismatch found: (1498,)', 3, TO_TIMESTAMP('2026-04-14 18:29:22.159000', 'YYYY-MM-DD HH24:MI:SS.FF'));
INSERT INTO NEXT_MIG_LOG (LOG_ID, MAP_ID, MIG_KIND, LOG_TYPE, LOG_LEVEL, STEP_NAME, STATUS, MESSAGE, RETRY_COUNT, CREATED_AT) VALUES (4, 1, 'DB_MIG', 'JOB_FAIL', 'ERROR', 'VERIFY', 'FAIL', 'Max Attempts Reached', 3, TO_TIMESTAMP('2026-04-14 18:29:22.563000', 'YYYY-MM-DD HH24:MI:SS.FF'));
INSERT INTO NEXT_MIG_LOG (LOG_ID, MAP_ID, MIG_KIND, LOG_TYPE, LOG_LEVEL, STEP_NAME, STATUS, MESSAGE, RETRY_COUNT, CREATED_AT) VALUES (5, 3, 'DB_MIG', 'ROW_ERROR', 'WARN', 'VERIFY', 'FAIL', '데이터 불일치: Verification Query Error: ORA-00911: invalid character', 1, TO_TIMESTAMP('2026-04-14 18:29:26.393000', 'YYYY-MM-DD HH24:MI:SS.FF'));
INSERT INTO NEXT_MIG_LOG (LOG_ID, MAP_ID, MIG_KIND, LOG_TYPE, LOG_LEVEL, STEP_NAME, STATUS, MESSAGE, RETRY_COUNT, CREATED_AT) VALUES (6, 3, 'DB_MIG', 'ROW_ERROR', 'WARN', 'VERIFY', 'FAIL', '데이터 불일치: Verification Query Error: ORA-00942: table or view does not exist', 2, TO_TIMESTAMP('2026-04-14 18:29:31.119000', 'YYYY-MM-DD HH24:MI:SS.FF'));
INSERT INTO NEXT_MIG_LOG (LOG_ID, MAP_ID, MIG_KIND, LOG_TYPE, LOG_LEVEL, STEP_NAME, STATUS, MESSAGE, RETRY_COUNT, CREATED_AT) VALUES (7, 3, 'DB_MIG', 'ROW_ERROR', 'WARN', 'VERIFY', 'FAIL', '데이터 불일치: Verification Query Error: ORA-00911: invalid character', 3, TO_TIMESTAMP('2026-04-14 18:29:36.229000', 'YYYY-MM-DD HH24:MI:SS.FF'));
INSERT INTO NEXT_MIG_LOG (LOG_ID, MAP_ID, MIG_KIND, LOG_TYPE, LOG_LEVEL, STEP_NAME, STATUS, MESSAGE, RETRY_COUNT, CREATED_AT) VALUES (8, 3, 'DB_MIG', 'JOB_FAIL', 'ERROR', 'VERIFY', 'FAIL', 'Max Attempts Reached', 3, TO_TIMESTAMP('2026-04-14 18:29:36.726000', 'YYYY-MM-DD HH24:MI:SS.FF'));
INSERT INTO NEXT_MIG_LOG (LOG_ID, MAP_ID, MIG_KIND, LOG_TYPE, LOG_LEVEL, STEP_NAME, STATUS, MESSAGE, RETRY_COUNT, CREATED_AT) VALUES (9, 1, 'DB_MIG', 'INFO', 'INFO', 'VERIFY', 'PASS', 'Migration Success', 1, TO_TIMESTAMP('2026-04-14 18:39:08.783000', 'YYYY-MM-DD HH24:MI:SS.FF'));
INSERT INTO NEXT_MIG_LOG (LOG_ID, MAP_ID, MIG_KIND, LOG_TYPE, LOG_LEVEL, STEP_NAME, STATUS, MESSAGE, RETRY_COUNT, CREATED_AT) VALUES (10, 3, 'DB_MIG', 'ROW_ERROR', 'WARN', 'SQL_EXEC', 'FAIL', 'Oracle 쿼리 실행 에러: ORA-00926: missing VALUES keyword', 1, TO_TIMESTAMP('2026-04-14 18:39:11.877000', 'YYYY-MM-DD HH24:MI:SS.FF'));
INSERT INTO NEXT_MIG_LOG (LOG_ID, MAP_ID, MIG_KIND, LOG_TYPE, LOG_LEVEL, STEP_NAME, STATUS, MESSAGE, RETRY_COUNT, CREATED_AT) VALUES (11, 3, 'DB_MIG', 'INFO', 'INFO', 'VERIFY', 'PASS', 'Migration Success', 2, TO_TIMESTAMP('2026-04-14 18:39:16.766000', 'YYYY-MM-DD HH24:MI:SS.FF'));
INSERT INTO NEXT_MIG_LOG (LOG_ID, MAP_ID, MIG_KIND, LOG_TYPE, LOG_LEVEL, STEP_NAME, STATUS, MESSAGE, RETRY_COUNT, CREATED_AT) VALUES (12, 1, 'DB_MIG', 'INFO', 'INFO', 'VERIFY', 'PASS', 'Migration Success', 1, TO_TIMESTAMP('2026-04-14 19:03:55.461000', 'YYYY-MM-DD HH24:MI:SS.FF'));
INSERT INTO NEXT_MIG_LOG (LOG_ID, MAP_ID, MIG_KIND, LOG_TYPE, LOG_LEVEL, STEP_NAME, STATUS, MESSAGE, RETRY_COUNT, CREATED_AT) VALUES (13, 3, 'DB_MIG', 'ROW_ERROR', 'WARN', 'SQL_EXEC', 'FAIL', 'Oracle 쿼리 실행 에러: ORA-00926: missing VALUES keyword', 1, TO_TIMESTAMP('2026-04-14 19:03:59.260000', 'YYYY-MM-DD HH24:MI:SS.FF'));
INSERT INTO NEXT_MIG_LOG (LOG_ID, MAP_ID, MIG_KIND, LOG_TYPE, LOG_LEVEL, STEP_NAME, STATUS, MESSAGE, RETRY_COUNT, CREATED_AT) VALUES (14, 3, 'DB_MIG', 'INFO', 'INFO', 'VERIFY', 'PASS', 'Migration Success', 2, TO_TIMESTAMP('2026-04-14 19:04:06.029000', 'YYYY-MM-DD HH24:MI:SS.FF'));
INSERT INTO NEXT_MIG_LOG (LOG_ID, MAP_ID, MIG_KIND, LOG_TYPE, LOG_LEVEL, STEP_NAME, STATUS, MESSAGE, RETRY_COUNT, CREATED_AT) VALUES (15, 1, 'DB_MIG', 'INFO', 'INFO', 'VERIFY', 'PASS', 'Migration Success', 1, TO_TIMESTAMP('2026-04-14 19:04:54.118000', 'YYYY-MM-DD HH24:MI:SS.FF'));
INSERT INTO NEXT_MIG_LOG (LOG_ID, MAP_ID, MIG_KIND, LOG_TYPE, LOG_LEVEL, STEP_NAME, STATUS, MESSAGE, RETRY_COUNT, CREATED_AT) VALUES (16, 3, 'DB_MIG', 'ROW_ERROR', 'WARN', 'VERIFY', 'FAIL', '데이터 불일치: Verification Query Error: ORA-00937: not a single-group group function', 1, TO_TIMESTAMP('2026-04-14 19:04:58.214000', 'YYYY-MM-DD HH24:MI:SS.FF'));
INSERT INTO NEXT_MIG_LOG (LOG_ID, MAP_ID, MIG_KIND, LOG_TYPE, LOG_LEVEL, STEP_NAME, STATUS, MESSAGE, RETRY_COUNT, CREATED_AT) VALUES (19, 1, 'DB_MIG', 'ROW_ERROR', 'WARN', 'VERIFY', 'FAIL', '데이터 불일치: Verification Query Error: ORA-00918: column ambiguously defined', 1, TO_TIMESTAMP('2026-04-14 19:05:43.778000', 'YYYY-MM-DD HH24:MI:SS.FF'));
INSERT INTO NEXT_MIG_LOG (LOG_ID, MAP_ID, MIG_KIND, LOG_TYPE, LOG_LEVEL, STEP_NAME, STATUS, MESSAGE, RETRY_COUNT, CREATED_AT) VALUES (20, 1, 'DB_MIG', 'INFO', 'INFO', 'VERIFY', 'PASS', 'Migration Success', 1, TO_TIMESTAMP('2026-04-14 19:05:46.168000', 'YYYY-MM-DD HH24:MI:SS.FF'));
INSERT INTO NEXT_MIG_LOG (LOG_ID, MAP_ID, MIG_KIND, LOG_TYPE, LOG_LEVEL, STEP_NAME, STATUS, MESSAGE, RETRY_COUNT, CREATED_AT) VALUES (21, 1, 'DB_MIG', 'INFO', 'INFO', 'VERIFY', 'PASS', 'Migration Success', 2, TO_TIMESTAMP('2026-04-14 19:05:47.905000', 'YYYY-MM-DD HH24:MI:SS.FF'));
INSERT INTO NEXT_MIG_LOG (LOG_ID, MAP_ID, MIG_KIND, LOG_TYPE, LOG_LEVEL, STEP_NAME, STATUS, MESSAGE, RETRY_COUNT, CREATED_AT) VALUES (22, 3, 'DB_MIG', 'INFO', 'INFO', 'VERIFY', 'PASS', 'Migration Success', 1, TO_TIMESTAMP('2026-04-14 19:05:51.345000', 'YYYY-MM-DD HH24:MI:SS.FF'));
INSERT INTO NEXT_MIG_LOG (LOG_ID, MAP_ID, MIG_KIND, LOG_TYPE, LOG_LEVEL, STEP_NAME, STATUS, MESSAGE, RETRY_COUNT, CREATED_AT) VALUES (17, 3, 'DB_MIG', 'ROW_ERROR', 'WARN', 'SQL_EXEC', 'FAIL', 'Oracle 쿼리 실행 에러: ORA-00904: : invalid identifier', 2, TO_TIMESTAMP('2026-04-14 19:05:03.348000', 'YYYY-MM-DD HH24:MI:SS.FF'));
INSERT INTO NEXT_MIG_LOG (LOG_ID, MAP_ID, MIG_KIND, LOG_TYPE, LOG_LEVEL, STEP_NAME, STATUS, MESSAGE, RETRY_COUNT, CREATED_AT) VALUES (18, 3, 'DB_MIG', 'INFO', 'INFO', 'VERIFY', 'PASS', 'Migration Success', 3, TO_TIMESTAMP('2026-04-14 19:05:08.231000', 'YYYY-MM-DD HH24:MI:SS.FF'));
COMMIT;

-- Structure for Table NEXT_SQL_INFO
CREATE TABLE NEXT_SQL_INFO (
    SQL_ID VARCHAR2(100) NOT NULL,
    TAG_KIND VARCHAR2(20) ,
    SPACE_NM VARCHAR2(100) ,
    TARGET_TABLE VARCHAR2(4000) ,
    FR_SQL_TEXT CLOB ,
    EDIT_FR_SQL CLOB ,
    TO_SQL_TEXT CLOB ,
    BIND_SQL CLOB ,
    BIND_SET VARCHAR2(4000) ,
    TEST_SQL CLOB ,
    STATUS VARCHAR2(100) ,
    LOG CLOB ,
    CORRECT_SQL CLOB ,
    EDITED_YN CHAR(1) ,
    UPD_TS TIMESTAMP 
);

-- Data for Table NEXT_SQL_INFO
COMMIT;

